<?xml version="1.0"?>
<COLLADA xmlns="http://www.collada.org/2005/11/COLLADASchema" version="1.4.1">
	<asset>
		<contributor>
			<author>Assimp</author>
			<authoring_tool>Assimp Exporter</authoring_tool>
		</contributor>
		<created>2022-08-30T20:52:06</created>
		<modified>2022-08-30T20:52:06</modified>
		<unit name="meter" meter="0.010000" />
		<up_axis>Y_UP</up_axis>
	</asset>
	<library_effects>
		<effect id="Fuse-fx" name="Fuse">
			<profile_COMMON>
				<technique sid="standard">
					<phong>
						<diffuse>
							<color sid="diffuse">0.800000   0.800000   0.800000   1.000000</color>
						</diffuse>
					</phong>
				</technique>
			</profile_COMMON>
		</effect>
		<effect id="Top-fx" name="Top">
			<profile_COMMON>
				<technique sid="standard">
					<phong>
						<diffuse>
							<color sid="diffuse">0.800000   0.800000   0.800000   1.000000</color>
						</diffuse>
					</phong>
				</technique>
			</profile_COMMON>
		</effect>
		<effect id="Bomb-fx" name="Bomb">
			<profile_COMMON>
				<technique sid="standard">
					<phong>
						<diffuse>
							<color sid="diffuse">0.800000   0.800000   0.800000   1.000000</color>
						</diffuse>
					</phong>
				</technique>
			</profile_COMMON>
		</effect>
	</library_effects>
	<library_materials>
		<material id="Fuse" name="Fuse">
			<instance_effect url="#Fuse-fx"/>
		</material>
		<material id="Top" name="Top">
			<instance_effect url="#Top-fx"/>
		</material>
		<material id="Bomb" name="Bomb">
			<instance_effect url="#Bomb-fx"/>
		</material>
	</library_materials>
	<library_geometries>
		<geometry id="meshId0" name="meshId0_name" >
			<mesh>
				<source id="meshId0-positions" name="meshId0-positions">
					<float_array id="meshId0-positions-array" count="606"> 
						0.000000 0.951056 -0.309017 0.000000 1.000000 -0.000000 0.309017 0.951056 -0.000000 0.293893 0.904508 -0.309017 -0.000000 0.809017 0.587785 0.000000 0.587785 0.809017 0.181636 0.559017 0.809017 0.250000 0.769421 0.587785 0.000000 -0.000000 -1.000000 0.000000 0.309017 -0.951056 0.095492 0.293893 -0.951056 -0.000000 0.809018 -0.587785 0.250000 0.769421 -0.587785 0.000000 0.951056 0.309017 0.293893 0.904508 0.309017 0.000000 0.309017 0.951056 -0.000000 -0.000000 1.000000 0.095492 0.293893 0.951056 0.000000 0.587785 -0.809017 0.181636 0.559017 -0.809017 0.000000 1.000000 -0.000000 0.309017 0.951056 -0.000000 0.345492 0.475528 0.809017 0.475528 0.654508 0.587785 0.181636 0.250000 -0.951056 0.559017 0.769421 -0.309017 0.475528 0.654509 -0.587785 0.559017 0.769421 0.309017 0.181636 0.250000 0.951056 0.345491 0.475528 -0.809017 0.587785 0.809017 -0.000000 0.587785 0.809017 -0.000000 0.475528 0.345491 -0.809017 0.250000 0.181636 -0.951056 0.809017 0.587785 -0.000000 0.769421 0.559017 -0.309017 0.475528 0.345491 0.809017 0.654509 0.475528 0.587785 0.654509 0.475528 -0.587785 0.769421 0.559017 0.309017 0.250000 0.181636 0.951056 0.809017 0.587785 -0.000000 0.904509 0.293893 0.309017 0.951057 0.309017 0.000000 0.293893 0.095491 0.951056 0.559017 0.181636 0.809017 0.559017 0.181636 -0.809017 0.293893 0.095491 -0.951056 0.951057 0.309017 0.000000 0.904509 0.293893 -0.309017 0.769421 0.250000 0.587785 0.769421 0.250000 -0.587785 0.309017 -0.000000 0.951056 0.809017 0.000000 -0.587785 0.587785 -0.000000 -0.809017 0.951057 -0.000000 0.309017 1.000000 -0.000000 -0.000000 0.587785 -0.000000 0.809017 0.309017 -0.000000 -0.951056 1.000000 -0.000000 -0.000000 0.951057 -0.000000 -0.309017 0.809017 0.000000 0.587785 0.769421 -0.250000 0.587785 0.904509 -0.293893 0.309017 
						0.293893 -0.095492 0.951056 0.769421 -0.250000 -0.587785 0.559017 -0.181636 -0.809017 0.951057 -0.309017 -0.000000 0.559017 -0.181636 0.809017 0.293893 -0.095492 -0.951056 0.951057 -0.309017 -0.000000 0.904509 -0.293893 -0.309017 0.250000 -0.181636 -0.951056 0.769421 -0.559017 -0.309017 0.654509 -0.475528 -0.587785 0.654509 -0.475528 0.587785 0.769421 -0.559017 0.309017 0.250000 -0.181636 0.951056 0.475528 -0.345492 -0.809017 0.809017 -0.587785 -0.000000 0.475528 -0.345492 0.809017 0.809017 -0.587785 -0.000000 0.587785 -0.809017 -0.000000 0.559017 -0.769421 -0.309017 0.345492 -0.475528 0.809017 0.475528 -0.654509 0.587785 0.181636 -0.250000 -0.951056 0.475528 -0.654509 -0.587785 0.559017 -0.769421 0.309017 0.181636 -0.250000 0.951056 0.345492 -0.475528 -0.809017 0.587785 -0.809017 -0.000000 0.095492 -0.293893 0.951056 0.181636 -0.559017 0.809017 0.181636 -0.559017 -0.809017 0.095492 -0.293893 -0.951056 0.309017 -0.951057 0.000000 0.293893 -0.904509 -0.309017 0.250000 -0.769421 0.587785 0.250000 -0.769421 -0.587785 0.293893 -0.904509 0.309017 0.309017 -0.951057 0.000000 0.000000 -0.951057 0.309017 -0.000000 -1.000000 0.000000 0.000000 -0.309017 0.951056 0.000000 -0.587785 0.809017 0.000000 -0.587785 -0.809017 -0.000000 -0.309017 -0.951056 -0.000000 -1.000000 0.000000 0.000000 -0.951057 -0.309017 0.000000 -0.809017 0.587785 0.000000 -0.809017 -0.587785 -0.095492 -0.293893 0.951056 -0.250000 -0.769421 -0.587785 -0.181636 -0.559017 -0.809017 -0.293893 -0.904509 0.309017 -0.309017 -0.951057 0.000000 -0.181636 -0.559017 0.809017 -0.095492 -0.293893 -0.951056 -0.309017 -0.951057 0.000000 -0.293893 -0.904509 -0.309017 -0.250000 -0.769421 0.587785 -0.559017 -0.769421 -0.309017 -0.475528 -0.654509 -0.587785 -0.475528 -0.654509 0.587785 -0.559017 -0.769421 0.309017 -0.181636 -0.250000 0.951056 -0.345492 -0.475528 -0.809017 
						-0.587785 -0.809017 -0.000000 -0.345492 -0.475528 0.809017 -0.181636 -0.250000 -0.951056 -0.587785 -0.809017 -0.000000 -0.475528 -0.345492 0.809017 -0.654509 -0.475529 0.587785 -0.250000 -0.181636 -0.951056 -0.769421 -0.559017 -0.309017 -0.654509 -0.475529 -0.587785 -0.769421 -0.559017 0.309017 -0.250000 -0.181636 0.951056 -0.475528 -0.345492 -0.809017 -0.809017 -0.587786 -0.000000 -0.809017 -0.587786 -0.000000 -0.951057 -0.309017 -0.000000 -0.904509 -0.293893 -0.309017 -0.559017 -0.181636 0.809017 -0.769421 -0.250000 0.587785 -0.293893 -0.095492 -0.951056 -0.769421 -0.250000 -0.587785 -0.904509 -0.293893 0.309017 -0.293893 -0.095492 0.951056 -0.559017 -0.181636 -0.809017 -0.951057 -0.309017 -0.000000 -0.309017 -0.000000 0.951056 -0.587785 -0.000000 0.809017 -0.587785 -0.000000 -0.809017 -0.309017 -0.000000 -0.951056 -1.000001 -0.000000 -0.000000 -0.951057 -0.000000 -0.309017 -0.809017 -0.000000 0.587785 -0.809017 -0.000000 -0.587785 -0.951057 -0.000000 0.309017 -1.000001 -0.000000 -0.000000 -0.769421 0.250000 -0.587785 -0.559017 0.181636 -0.809017 -0.904509 0.293893 0.309017 -0.951057 0.309017 0.000000 -0.293893 0.095491 0.951056 -0.559017 0.181636 0.809017 -0.293893 0.095492 -0.951056 -0.951057 0.309017 0.000000 -0.904509 0.293893 -0.309017 -0.769421 0.250000 0.587785 -0.654509 0.475528 0.587785 -0.769421 0.559017 0.309017 -0.250000 0.181636 0.951056 -0.654509 0.475528 -0.587785 -0.475528 0.345492 -0.809017 -0.809018 0.587786 -0.000000 -0.475528 0.345491 0.809017 -0.250000 0.181636 -0.951056 -0.809018 0.587786 -0.000000 -0.769421 0.559017 -0.309017 -0.559017 0.769421 -0.309017 -0.475529 0.654509 -0.587785 -0.475529 0.654509 0.587785 -0.559017 0.769421 0.309017 -0.181636 0.250000 0.951056 -0.345492 0.475528 -0.809017 -0.587786 0.809017 -0.000000 -0.345492 0.475528 0.809017 -0.181636 0.250000 -0.951056 -0.587786 0.809017 -0.000000 
						-0.181636 0.559017 0.809017 -0.250000 0.769421 0.587785 -0.095492 0.293893 -0.951056 -0.293893 0.904509 -0.309017 -0.250000 0.769421 -0.587785 -0.293893 0.904509 0.309017 -0.095492 0.293893 0.951056 -0.181636 0.559017 -0.809017 -0.309017 0.951057 -0.000000 -0.309017 0.951057 -0.000000 
					</float_array>
					<technique_common>
						<accessor count="202" offset="0" source="#meshId0-positions-array" stride="3">
							<param name="X" type="float" />
							<param name="Y" type="float" />
							<param name="Z" type="float" />
						</accessor>
					</technique_common>
				</source>
				<source id="meshId0-normals" name="meshId0-normals">
					<float_array id="meshId0-normals-array" count="606"> 
						0.000001 0.952503 -0.304531 0.000001 1.000000 -0.000000 0.309017 0.951057 -0.000000 0.294340 0.905884 -0.304531 0.000001 0.814276 0.580478 0.000000 0.597826 0.801626 0.184738 0.568566 0.801626 0.251625 0.774422 0.580478 0.000000 0.000000 -1.000000 0.000000 0.323024 -0.946391 0.099820 0.307215 -0.946391 0.000001 0.814276 -0.580478 0.251625 0.774422 -0.580478 0.000001 0.952503 0.304530 0.294340 0.905884 0.304531 0.000000 0.323024 0.946391 -0.000000 -0.000000 1.000000 0.099820 0.307215 0.946391 0.000000 0.597826 -0.801626 0.184738 0.568566 -0.801626 0.000001 1.000000 -0.000000 0.309017 0.951057 -0.000000 0.351393 0.483651 0.801626 0.478619 0.658763 0.580478 0.189869 0.261332 -0.946391 0.559867 0.770591 -0.304531 0.478619 0.658763 -0.580478 0.559867 0.770591 0.304531 0.189869 0.261332 0.946391 0.351393 0.483651 -0.801626 0.587785 0.809017 -0.000000 0.587785 0.809017 -0.000000 0.483651 0.351393 -0.801626 0.261332 0.189869 -0.946391 0.809017 0.587785 -0.000000 0.770591 0.559867 -0.304531 0.483651 0.351393 0.801626 0.658763 0.478619 0.580478 0.658763 0.478619 -0.580478 0.770591 0.559867 0.304531 0.261332 0.189869 0.946391 0.809017 0.587785 -0.000000 0.905884 0.294340 0.304531 0.951057 0.309017 0.000000 0.307214 0.099820 0.946391 0.568566 0.184738 0.801626 0.568566 0.184738 -0.801626 0.307215 0.099820 -0.946391 0.951057 0.309017 0.000000 0.905884 0.294340 -0.304531 0.774422 0.251625 0.580478 0.774422 0.251625 -0.580478 0.323024 0.000000 0.946391 0.814276 0.000000 -0.580478 0.597826 0.000000 -0.801626 0.952503 -0.000000 0.304531 1.000000 -0.000000 0.000000 0.597826 0.000000 0.801626 0.323025 0.000000 -0.946391 1.000000 -0.000000 0.000000 0.952503 -0.000000 -0.304531 0.814276 0.000000 0.580478 0.774422 -0.251625 0.580478 0.905884 -0.294339 0.304531 
						0.307215 -0.099820 0.946391 0.774422 -0.251625 -0.580478 0.568566 -0.184738 -0.801626 0.951057 -0.309017 -0.000000 0.568566 -0.184738 0.801626 0.307215 -0.099820 -0.946391 0.951057 -0.309017 -0.000000 0.905884 -0.294339 -0.304531 0.261332 -0.189869 -0.946391 0.770591 -0.559867 -0.304531 0.658763 -0.478619 -0.580478 0.658763 -0.478619 0.580478 0.770591 -0.559867 0.304531 0.261332 -0.189869 0.946391 0.483651 -0.351393 -0.801626 0.809017 -0.587785 -0.000000 0.483651 -0.351393 0.801626 0.809017 -0.587785 -0.000000 0.587785 -0.809017 -0.000000 0.559867 -0.770591 -0.304531 0.351393 -0.483651 0.801626 0.478619 -0.658763 0.580478 0.189869 -0.261332 -0.946391 0.478619 -0.658763 -0.580478 0.559867 -0.770591 0.304531 0.189869 -0.261332 0.946391 0.351393 -0.483651 -0.801626 0.587785 -0.809017 -0.000000 0.099820 -0.307215 0.946391 0.184738 -0.568566 0.801626 0.184738 -0.568566 -0.801626 0.099820 -0.307214 -0.946391 0.309017 -0.951057 0.000000 0.294339 -0.905884 -0.304531 0.251625 -0.774422 0.580478 0.251625 -0.774422 -0.580478 0.294340 -0.905884 0.304531 0.309017 -0.951057 0.000000 0.000000 -0.952502 0.304531 0.000000 -1.000000 0.000000 0.000000 -0.323025 0.946391 0.000000 -0.597826 0.801626 0.000000 -0.597826 -0.801626 -0.000000 -0.323024 -0.946391 0.000000 -1.000000 0.000000 0.000000 -0.952502 -0.304531 0.000000 -0.814276 0.580478 0.000000 -0.814276 -0.580478 -0.099820 -0.307215 0.946391 -0.251625 -0.774422 -0.580478 -0.184738 -0.568566 -0.801626 -0.294339 -0.905884 0.304531 -0.309017 -0.951057 0.000000 -0.184738 -0.568566 0.801626 -0.099820 -0.307214 -0.946391 -0.309017 -0.951057 0.000000 -0.294339 -0.905884 -0.304531 -0.251625 -0.774422 0.580478 -0.559867 -0.770591 -0.304531 -0.478619 -0.658763 -0.580478 -0.478619 -0.658763 0.580478 -0.559867 -0.770591 0.304531 -0.189869 -0.261332 0.946391 -0.351393 -0.483651 -0.801626 
						-0.587785 -0.809017 -0.000000 -0.351393 -0.483651 0.801626 -0.189869 -0.261332 -0.946391 -0.587785 -0.809017 -0.000000 -0.483651 -0.351393 0.801626 -0.658763 -0.478619 0.580478 -0.261332 -0.189869 -0.946391 -0.770591 -0.559867 -0.304531 -0.658763 -0.478619 -0.580478 -0.770591 -0.559867 0.304531 -0.261332 -0.189869 0.946391 -0.483651 -0.351393 -0.801626 -0.809017 -0.587785 -0.000000 -0.809017 -0.587785 -0.000000 -0.951056 -0.309017 -0.000000 -0.905884 -0.294340 -0.304531 -0.568566 -0.184738 0.801626 -0.774422 -0.251625 0.580478 -0.307215 -0.099820 -0.946391 -0.774422 -0.251625 -0.580478 -0.905884 -0.294340 0.304531 -0.307215 -0.099820 0.946391 -0.568566 -0.184738 -0.801626 -0.951056 -0.309017 -0.000000 -0.323024 -0.000000 0.946391 -0.597826 -0.000000 0.801626 -0.597826 -0.000000 -0.801626 -0.323025 -0.000000 -0.946391 -1.000000 -0.000000 -0.000000 -0.952502 -0.000000 -0.304531 -0.814276 -0.000000 0.580478 -0.814276 -0.000000 -0.580478 -0.952502 -0.000000 0.304531 -1.000000 -0.000000 -0.000000 -0.774422 0.251625 -0.580478 -0.568566 0.184738 -0.801626 -0.905884 0.294339 0.304531 -0.951057 0.309017 0.000000 -0.307215 0.099820 0.946391 -0.568566 0.184738 0.801626 -0.307215 0.099820 -0.946391 -0.951057 0.309017 0.000000 -0.905884 0.294339 -0.304531 -0.774422 0.251625 0.580478 -0.658763 0.478619 0.580478 -0.770591 0.559867 0.304531 -0.261333 0.189869 0.946391 -0.658763 0.478619 -0.580478 -0.483651 0.351393 -0.801626 -0.809017 0.587785 0.000000 -0.483651 0.351393 0.801626 -0.261332 0.189869 -0.946391 -0.809017 0.587785 0.000000 -0.770591 0.559867 -0.304531 -0.559867 0.770591 -0.304531 -0.478619 0.658763 -0.580478 -0.478619 0.658763 0.580478 -0.559867 0.770591 0.304531 -0.189870 0.261332 0.946390 -0.351393 0.483651 -0.801626 -0.587785 0.809017 -0.000000 -0.351393 0.483651 0.801626 -0.189869 0.261332 -0.946391 -0.587785 0.809017 -0.000000 
						-0.184738 0.568566 0.801626 -0.251625 0.774422 0.580478 -0.099820 0.307215 -0.946391 -0.294339 0.905884 -0.304531 -0.251625 0.774422 -0.580478 -0.294339 0.905884 0.304531 -0.099820 0.307215 0.946391 -0.184738 0.568566 -0.801626 -0.309016 0.951057 0.000000 -0.309016 0.951057 0.000000 
					</float_array>
					<technique_common>
						<accessor count="202" offset="0" source="#meshId0-normals-array" stride="3">
							<param name="X" type="float" />
							<param name="Y" type="float" />
							<param name="Z" type="float" />
						</accessor>
					</technique_common>
				</source>
				<source id="meshId0-tangents" name="meshId0-tangents">
					<float_array id="meshId0-tangents-array" count="606"> 
						0.985958 -0.050856 -0.159063 0.985094 -0.000001 -0.172019 0.939739 -0.305339 0.153815 0.954854 -0.265338 0.133601 0.702404 0.413172 -0.579584 0.695739 0.575804 -0.429415 0.641124 0.548486 -0.536772 0.587185 0.354623 -0.727638 0.983725 -0.179678 0.000000 0.984070 -0.168252 -0.057428 0.981841 -0.184623 0.043627 0.985465 -0.098613 -0.138330 0.966767 -0.229161 0.113347 0.709295 0.214667 -0.671431 0.516182 0.117483 -0.848383 0.693240 0.682070 -0.232806 0.690101 0.723713 0.000000 0.677613 0.675503 -0.290751 0.985819 -0.134521 -0.100321 0.976584 -0.197707 0.084831 0.716418 -0.000001 -0.697671 0.462834 -0.150384 -0.873596 0.580402 0.559306 -0.591870 0.458204 0.376558 -0.805142 0.969515 -0.201974 0.138736 0.805573 -0.420211 0.417702 0.876668 -0.321833 0.357599 0.298829 0.155013 -0.941633 0.659538 0.680098 -0.320119 0.933245 -0.249247 0.258708 0.172479 -0.125313 -0.977010 0.710670 -0.516332 0.477858 0.873118 -0.257739 0.413806 0.953001 -0.206445 0.221740 0.391024 -0.538198 0.746621 0.593559 -0.456416 0.662852 0.537047 0.604057 -0.588809 0.365842 0.470406 -0.803043 0.748826 -0.342524 0.567395 0.144432 0.311985 -0.939045 0.646007 0.694103 -0.317640 -0.049897 0.068678 -0.996390 0.112379 0.526212 -0.842895 -0.119405 0.367490 -0.922330 0.642260 0.712092 -0.283596 0.527798 0.665535 -0.527725 0.818096 -0.229225 0.527422 0.938128 -0.198758 0.283568 0.119660 -0.368276 0.921984 0.400370 -0.360644 0.842401 0.345822 0.599953 -0.721432 0.632440 -0.283194 0.720986 0.649682 0.727145 -0.221751 0.572403 -0.166217 0.802949 0.789452 -0.173619 0.588747 0.212280 0.717000 -0.663964 0.000000 0.664022 -0.747713 0.556037 0.720325 -0.414674 0.930587 -0.181988 0.317630 0.000000 -0.085242 0.996360 0.300198 -0.168095 0.938949 0.405178 0.716090 -0.568371 0.520699 0.774648 -0.358877 0.404982 0.812436 -0.419449 
						0.665337 0.733563 -0.138608 0.591960 -0.035619 0.805180 0.798243 -0.111649 0.591897 0.271066 0.834255 -0.480147 0.610746 0.747613 -0.260891 0.933310 -0.162647 0.320123 0.065888 0.202783 0.977005 0.332832 0.050093 0.941655 0.945243 -0.148246 0.290757 0.486724 0.208492 0.848311 0.683473 0.058210 0.727652 0.648107 0.752852 -0.114767 0.616868 0.775302 -0.135576 0.683232 0.728968 -0.042416 0.841041 -0.067008 0.536805 0.580507 0.798999 -0.156887 0.670991 0.736940 -0.081797 0.286186 0.393902 0.873464 0.579843 0.421280 0.697356 0.700166 0.243451 0.671192 0.713958 0.692311 0.104734 0.739193 0.659099 0.138503 0.961755 -0.144322 0.232804 0.811160 0.078704 0.579504 0.768350 0.620400 0.157294 0.696622 0.715113 0.057709 0.901316 -0.056882 0.429411 0.797325 0.579291 0.169398 0.700462 0.697218 0.152448 0.723444 0.630762 0.280657 0.956053 -0.084989 0.280607 0.976510 -0.152291 0.152433 0.844697 0.274459 0.459522 0.889867 0.143558 0.433045 0.760008 0.529459 0.376910 0.926135 0.018531 0.376737 0.804069 0.406962 0.433422 0.844446 0.274377 0.460030 0.709295 0.214667 0.671430 0.716419 0.000000 0.697670 0.693239 0.682071 0.232806 0.695739 0.575803 0.429415 0.984559 -0.140329 0.104652 0.983926 -0.169002 0.057684 0.985664 0.000000 0.168723 0.986351 -0.050143 0.156837 0.702404 0.413172 0.579584 0.985477 -0.098572 0.138273 0.677614 0.675503 0.290750 0.966857 -0.227956 -0.114993 0.976021 -0.201690 -0.081876 0.516183 0.117483 0.848383 0.462835 -0.150384 0.873595 0.641124 0.548485 0.536772 0.981238 -0.188070 -0.042445 0.939169 -0.305155 -0.157613 0.954747 -0.264487 -0.136030 0.587185 0.354623 0.727638 0.805095 -0.419035 -0.419799 0.876571 -0.320501 -0.359031 0.458204 0.376558 0.805142 0.298830 0.155013 0.941632 0.659538 0.680098 0.320119 0.933546 -0.245775 -0.260935 
						0.172480 -0.125314 0.977009 0.580403 0.559306 0.591870 0.969458 -0.202318 -0.138630 0.709407 -0.515414 -0.480718 0.537047 0.604057 0.588809 0.365843 0.470406 0.803043 0.953015 -0.206362 -0.221760 0.593123 -0.455118 -0.664134 0.748698 -0.341116 -0.568411 0.144432 0.311985 0.939045 0.646007 0.694104 0.317640 0.873239 -0.255941 -0.414666 -0.049897 0.068677 0.996390 0.390128 -0.536965 -0.747977 0.119390 -0.367445 -0.922350 0.400216 -0.359658 -0.842895 0.527798 0.665535 0.527725 0.345822 0.599953 0.721432 0.938154 -0.198596 -0.283594 0.632422 -0.282242 -0.721375 0.112379 0.526212 0.842895 0.642260 0.712092 0.283596 0.818175 -0.228350 -0.527679 -0.119405 0.367490 0.922330 0.649682 0.727145 0.221751 0.556037 0.720325 0.414674 0.789487 -0.173370 -0.588773 0.930600 -0.181909 -0.317635 0.000000 -0.085149 -0.996368 0.300214 -0.167789 -0.938999 0.405178 0.716090 0.568371 0.572427 -0.165974 -0.802982 0.212280 0.717000 0.663964 -0.000000 0.664023 0.747712 0.591836 -0.036154 -0.805247 0.798181 -0.111957 -0.591923 0.404983 0.812436 0.419449 0.271066 0.834256 0.480146 0.665338 0.733562 0.138608 0.610746 0.747613 0.260891 0.933300 -0.162698 -0.320126 0.065698 0.202198 -0.977139 0.332702 0.049618 -0.941726 0.520699 0.774648 0.358877 0.648107 0.752852 0.114767 0.616868 0.775302 0.135576 0.683232 0.728968 0.042416 0.683044 0.057018 -0.728148 0.840802 -0.067929 -0.537064 0.580506 0.798999 0.156887 0.670991 0.736940 0.081796 0.945214 -0.148388 -0.290778 0.285537 0.393008 -0.874079 0.486215 0.207500 -0.848846 0.699384 0.242412 -0.672383 0.810460 0.077150 -0.580691 0.739192 0.659099 -0.138504 0.768350 0.620401 -0.157294 0.696621 0.715115 -0.057709 0.900810 -0.058621 -0.430239 0.797325 0.579290 -0.169399 0.713957 0.692312 -0.104734 0.961734 -0.144423 -0.232828 0.578814 0.420533 -0.698660 
						0.723444 0.630762 -0.280657 0.760007 0.529459 -0.376911 0.976546 -0.152113 -0.152379 0.889170 0.142763 -0.434735 0.925453 0.017003 -0.378481 0.804069 0.406961 -0.433423 0.700461 0.697218 -0.152448 0.955195 -0.088049 -0.282579 0.844446 0.274376 -0.460031 0.843628 0.274111 -0.461687 
					</float_array>
					<technique_common>
						<accessor count="202" offset="0" source="#meshId0-tangents-array" stride="3">
							<param name="X" type="float" />
							<param name="Y" type="float" />
							<param name="Z" type="float" />
						</accessor>
					</technique_common>
				</source>
				<source id="meshId0-bitangents" name="meshId0-bitangents">
					<float_array id="meshId0-bitangents-array" count="606"> 
						-0.166995 -0.300254 -0.939127 -0.172019 0.000000 -0.985094 0.146287 -0.047532 -0.988100 0.040223 -0.330106 -0.943086 -0.711779 0.407730 -0.571950 -0.718295 0.557723 -0.415930 -0.744871 0.613104 -0.263195 -0.769350 0.523940 -0.365497 -0.179678 -0.983725 -0.000000 -0.177783 -0.931314 -0.317879 -0.161323 -0.933560 -0.320065 -0.169881 -0.572041 -0.802440 -0.045244 -0.589708 -0.806348 -0.704912 0.216002 -0.675605 -0.804313 0.406906 -0.433021 -0.720707 0.656076 -0.223933 -0.723713 0.690101 -0.000000 -0.728613 0.670310 -0.140744 -0.167810 -0.790259 -0.589348 -0.110255 -0.798526 -0.591777 -0.697671 0.000001 -0.716418 -0.830839 0.269956 -0.486653 -0.734613 0.673245 -0.084176 -0.748981 0.651334 -0.121620 -0.154890 -0.943881 -0.291714 0.193910 -0.479179 -0.856029 0.048756 -0.680040 -0.731552 -0.772820 0.618192 -0.143488 -0.727296 0.684961 -0.043229 -0.074679 -0.839022 -0.538949 -0.790417 0.574272 -0.213196 0.386595 -0.280878 -0.878437 -0.061202 -0.900052 -0.431464 -0.153276 -0.959859 -0.234896 0.438853 -0.604029 -0.665250 0.232116 -0.691544 -0.684024 -0.691131 0.715289 0.103438 -0.657412 0.741378 0.134787 0.072739 -0.808456 -0.584045 -0.620749 0.767603 0.159550 -0.717203 0.694385 0.058735 -0.585664 0.806097 0.084890 -0.408345 0.797787 0.443610 -0.285016 0.877188 0.386402 -0.702226 0.694954 0.154654 -0.631001 0.723143 0.280896 -0.086318 -0.955682 -0.281464 -0.159797 -0.974952 -0.154705 0.284909 -0.876859 -0.387229 0.138125 -0.885043 -0.444546 -0.529790 0.759435 0.377599 0.017030 -0.925465 -0.378450 -0.688163 0.686484 0.234886 -0.096485 -0.986089 -0.135346 -0.139178 -0.984813 -0.103794 -0.218348 0.697073 0.682944 0.000000 0.747713 0.664022 -0.577431 0.693637 0.430629 -0.172232 -0.983301 -0.058787 -0.000000 -0.996360 -0.085242 -0.051190 -0.985771 -0.160111 -0.415675 0.698008 0.583095 -0.359364 0.580177 0.730926 -0.123951 0.503302 0.855174 
						-0.680401 0.672251 0.291775 -0.223280 -0.967169 0.121368 -0.198847 -0.976425 0.083986 0.148374 0.456647 0.877188 -0.551109 0.637924 0.537896 -0.185883 -0.981622 0.043195 -0.301911 -0.929187 0.213218 -0.261911 -0.954387 0.143344 -0.195504 -0.970553 0.140731 -0.411449 -0.801923 0.433163 -0.314478 -0.876091 0.365470 -0.382084 0.451816 0.806147 -0.160199 0.292329 0.942805 -0.681835 0.657690 0.320228 -0.242346 -0.933827 0.263127 0.092216 0.126924 0.987617 -0.562007 0.577445 0.592204 -0.513409 -0.706647 0.486889 -0.564173 -0.409896 0.716725 -0.443076 -0.589000 0.675842 -0.605629 0.535525 0.588580 -0.473833 0.362795 0.802410 -0.197425 -0.954399 0.223935 -0.336070 -0.748223 0.572031 -0.310140 0.145923 0.939425 -0.691858 0.648320 0.317828 -0.253283 -0.873411 0.415935 -0.137046 -0.099570 0.985548 -0.706674 0.647694 0.284789 -0.665207 0.528084 0.527852 -0.227673 -0.818236 0.527879 -0.190957 -0.939376 0.284796 -0.437031 -0.142000 0.888167 -0.348571 -0.398454 0.848371 -0.599227 0.346328 0.721792 -0.280997 -0.632398 0.721882 -0.516563 0.117291 0.848178 -0.437514 -0.142157 0.887903 -0.704912 0.216002 0.675605 -0.697670 -0.000000 0.716419 -0.720708 0.656075 0.223933 -0.718294 0.557723 0.415931 -0.175055 -0.789248 0.588595 -0.178575 -0.931179 0.317832 -0.168723 -0.000000 0.985664 -0.164658 -0.300374 0.939501 -0.711779 0.407730 0.571951 -0.169811 -0.572048 0.802450 -0.728612 0.670310 0.140744 -0.043270 -0.590174 0.806115 -0.115128 -0.797530 0.592193 -0.804313 0.406906 0.433022 -0.830839 0.269956 0.486653 -0.744870 0.613104 0.263195 -0.164948 -0.932871 0.320224 0.149899 -0.048705 0.987501 0.042683 -0.330789 0.942739 -0.769350 0.523940 0.365497 0.195884 -0.480208 0.855003 0.050472 -0.680669 0.730850 -0.748981 0.651334 0.121620 -0.772820 0.618192 0.143489 -0.727296 0.684961 0.043229 -0.070818 -0.840045 0.537874 
						-0.790417 0.574272 0.213196 -0.734613 0.673245 0.084176 -0.155244 -0.943808 0.291765 0.388909 -0.282559 0.876875 -0.691131 0.715289 -0.103438 -0.657412 0.741378 -0.134786 -0.153194 -0.959877 0.234877 0.233229 -0.692399 0.682779 0.074042 -0.809051 0.583056 -0.620749 0.767603 -0.159549 -0.717203 0.694385 -0.058735 -0.059458 -0.900565 0.430636 -0.585664 0.806097 -0.084890 0.439650 -0.605126 0.663725 0.285022 -0.877207 0.386355 0.138570 -0.885443 0.443608 -0.631001 0.723143 -0.280896 -0.529790 0.759435 -0.377599 -0.159641 -0.974985 0.154658 0.017681 -0.925756 0.377708 -0.408345 0.797787 -0.443610 -0.702226 0.694954 -0.154655 -0.085569 -0.955891 0.280981 -0.285016 0.877188 -0.386402 -0.688163 0.686484 -0.234886 -0.577431 0.693637 -0.430629 -0.138978 -0.984857 0.103645 -0.172157 -0.983315 0.058761 0.000000 -0.996368 0.085149 -0.051097 -0.985823 0.159819 -0.415675 0.698008 -0.583095 -0.096344 -0.986130 0.135148 -0.218349 0.697073 -0.682944 -0.000000 0.747712 -0.664023 -0.223607 -0.967149 -0.120922 -0.199098 -0.976390 -0.083800 -0.123951 0.503302 -0.855174 0.148373 0.456646 -0.877188 -0.680401 0.672252 -0.291775 -0.551110 0.637924 -0.537896 -0.185931 -0.981614 -0.043179 -0.301952 -0.929314 -0.212603 -0.262077 -0.954412 -0.142875 -0.359364 0.580177 -0.730926 -0.382085 0.451816 -0.806147 -0.160199 0.292329 -0.942804 -0.681835 0.657689 -0.320228 -0.315408 -0.876169 -0.364480 -0.243174 -0.933760 -0.262598 0.092216 0.126924 -0.987617 -0.562007 0.577445 -0.592203 -0.195642 -0.970531 -0.140688 -0.513771 -0.707145 -0.485784 -0.412050 -0.802180 -0.432113 -0.444310 -0.589429 -0.674657 -0.337754 -0.748385 -0.570826 -0.473834 0.362794 -0.802410 -0.310141 0.145922 -0.939425 -0.691859 0.648318 -0.317828 -0.255078 -0.873296 -0.415079 -0.137047 -0.099570 -0.985548 -0.605630 0.535524 -0.588580 -0.197526 -0.954383 -0.223911 -0.565228 -0.410662 -0.715454 
						-0.665207 0.528084 -0.527852 -0.599228 0.346328 -0.721792 -0.190771 -0.939405 -0.284825 -0.350344 -0.398739 -0.847506 -0.283234 -0.632441 -0.720970 -0.516564 0.117290 -0.848178 -0.706675 0.647693 -0.284789 -0.231247 -0.817912 -0.526825 -0.437516 -0.142157 -0.887903 -0.439090 -0.142669 -0.887043 
					</float_array>
					<technique_common>
						<accessor count="202" offset="0" source="#meshId0-bitangents-array" stride="3">
							<param name="X" type="float" />
							<param name="Y" type="float" />
							<param name="Z" type="float" />
						</accessor>
					</technique_common>
				</source>
				<source id="meshId0-tex0" name="meshId0-tex0">
					<float_array id="meshId0-tex0-array" count="404"> 
						0.291721 0.100483 0.283881 0.048852 0.342816 0.048650 0.334315 0.100243 0.754260 0.301480 0.730056 0.277131 0.741018 0.261480 0.771561 0.277159 0.313766 0.234788 0.308367 0.205208 0.317780 0.205002 0.297635 0.140756 0.327508 0.140420 0.782707 0.330620 0.807620 0.296082 0.707883 0.255443 0.686131 0.234701 0.713228 0.247706 0.303204 0.174437 0.322334 0.174517 0.819331 0.367885 0.853968 0.320207 0.746607 0.243208 0.780501 0.248682 0.326775 0.207703 0.374965 0.113198 0.356103 0.149344 0.820643 0.255536 0.715921 0.238696 0.340535 0.179980 0.872177 0.264159 0.399018 0.066719 0.356176 0.190884 0.334506 0.213045 0.446879 0.101334 0.409608 0.138089 0.746277 0.224104 0.780203 0.218835 0.380485 0.166622 0.820499 0.212950 0.715698 0.229295 0.872177 0.205226 0.807202 0.172491 0.853966 0.149174 0.712580 0.220422 0.740058 0.206036 0.367682 0.206122 0.340213 0.220515 0.481656 0.149070 0.434838 0.172475 0.770696 0.190542 0.398314 0.190587 0.706873 0.212948 0.407850 0.218891 0.373912 0.224184 0.782053 0.138122 0.819322 0.101492 0.728561 0.190775 0.343332 0.229385 0.499935 0.205215 0.448182 0.212975 0.752912 0.166571 0.728590 0.149269 0.747512 0.113207 
						0.699136 0.207603 0.408160 0.248756 0.374249 0.243292 0.771636 0.066855 0.712911 0.179813 0.343557 0.238785 0.499935 0.264240 0.448338 0.255607 0.340866 0.247796 0.435301 0.296187 0.399219 0.277250 0.700111 0.140330 0.706964 0.100187 0.690126 0.204910 0.368662 0.261569 0.715582 0.048650 0.694639 0.174224 0.481684 0.320347 0.446991 0.368045 0.410362 0.330740 0.675534 0.174555 0.670265 0.140629 0.335520 0.255533 0.381908 0.301581 0.664378 0.100334 0.680725 0.205134 0.357698 0.277223 0.656649 0.048658 0.671853 0.208251 0.657466 0.180773 0.342433 0.288721 0.328045 0.261240 0.399269 0.402672 0.375970 0.355885 0.641972 0.150137 0.357926 0.319366 0.623921 0.113633 0.600603 0.066874 0.589555 0.138782 0.552930 0.101517 0.664378 0.213958 0.642205 0.192271 0.324363 0.294938 0.319172 0.264358 0.343198 0.420850 0.335500 0.369167 0.618002 0.167921 0.329627 0.328867 0.659033 0.221695 0.299780 0.329157 0.305257 0.295267 0.564641 0.173319 0.518293 0.149195 0.631243 0.207921 0.309770 0.264580 0.284269 0.420813 0.292915 0.369292 0.600700 0.192242 0.252384 0.356258 0.271309 0.320213 0.591761 0.220720 0.551618 0.213865 0.656340 0.230706 0.286986 0.289676 
						0.500084 0.205243 0.625654 0.226193 0.300759 0.261887 0.228250 0.402576 0.625984 0.245298 0.592058 0.250566 0.293021 0.256541 0.217868 0.331344 0.246996 0.302913 0.551762 0.256452 0.656563 0.240107 0.271337 0.278715 0.500084 0.264176 0.180616 0.367934 0.146019 0.320286 0.192739 0.296995 0.632203 0.263365 0.601565 0.278860 0.287314 0.249066 0.229218 0.278953 0.565059 0.296910 0.659681 0.248979 0.259840 0.263457 0.518295 0.320227 0.665388 0.256454 0.643700 0.278627 0.253618 0.245393 0.284195 0.240193 0.127832 0.264298 0.179449 0.256573 0.619350 0.302831 0.219710 0.250676 0.590208 0.331280 0.552939 0.367910 0.219398 0.220849 0.253278 0.226288 0.624749 0.356194 0.600625 0.402547 0.673125 0.261799 0.659351 0.289589 0.283970 0.230790 0.127823 0.205449 0.179289 0.214031 0.643672 0.320133 0.672150 0.329072 0.665297 0.369215 0.682135 0.264491 0.228306 0.192386 0.258855 0.208006 0.656679 0.420752 0.677623 0.295178 0.286662 0.221776 0.145966 0.149488 0.192263 0.173526 0.217097 0.139008 0.245559 0.168066 0.701996 0.328772 0.707884 0.369068 0.691536 0.264268 0.269807 0.192326 0.715612 0.420744 0.696727 0.294847 0.292007 0.214034 0.180473 0.101863 
						0.714795 0.288628 0.730289 0.319265 0.299486 0.208324 0.251362 0.113840 0.269460 0.150272 0.748340 0.355769 0.700409 0.261150 0.285077 0.180768 0.771658 0.402527 0.227979 0.067196 
					</float_array>
					<technique_common>
						<accessor count="202" offset="0" source="#meshId0-tex0-array" stride="2">
							<param name="S" type="float" />
							<param name="T" type="float" />
						</accessor>
					</technique_common>
				</source>
				<vertices id="meshId0-vertices">
					<input semantic="POSITION" source="#meshId0-positions" />
				</vertices>
				<polylist count="360" material="defaultMaterial">
					<input offset="0" semantic="VERTEX" source="#meshId0-vertices" />
					<input offset="0" semantic="NORMAL" source="#meshId0-normals" />
					<input offset="0" semantic="TANGENT" source="#meshId0-tangents" />
					<input offset="0" semantic="BINORMAL" source="#meshId0-bitangents" />
					<input offset="0" semantic="TEXCOORD" source="#meshId0-tex0" set="0" />
					<vcount>
						3 3 3 3 3 3 3 3 3 3 3 3 3 3 3 3 3 3 3 3 3 3 3 3 3 3 3 3 3 3 3 3 3 3 3 3 3 3 3 3 3 3 3 3 3 3 3 3 3 3 3 3 3 3 3 3 3 3 3 3 3 3 3 3 
						3 3 3 3 3 3 3 3 3 3 3 3 3 3 3 3 3 3 3 3 3 3 3 3 3 3 3 3 3 3 3 3 3 3 3 3 3 3 3 3 3 3 3 3 3 3 3 3 3 3 3 3 3 3 3 3 3 3 3 3 3 3 3 3 
						3 3 3 3 3 3 3 3 3 3 3 3 3 3 3 3 3 3 3 3 3 3 3 3 3 3 3 3 3 3 3 3 3 3 3 3 3 3 3 3 3 3 3 3 3 3 3 3 3 3 3 3 3 3 3 3 3 3 3 3 3 3 3 3 
						3 3 3 3 3 3 3 3 3 3 3 3 3 3 3 3 3 3 3 3 3 3 3 3 3 3 3 3 3 3 3 3 3 3 3 3 3 3 3 3 3 3 3 3 3 3 3 3 3 3 3 3 3 3 3 3 3 3 3 3 3 3 3 3 
						3 3 3 3 3 3 3 3 3 3 3 3 3 3 3 3 3 3 3 3 3 3 3 3 3 3 3 3 3 3 3 3 3 3 3 3 3 3 3 3 3 3 3 3 3 3 3 3 3 3 3 3 3 3 3 3 3 3 3 3 3 3 3 3 
						3 3 3 3 3 3 3 3 3 3 3 3 3 3 3 3 3 3 3 3 3 3 3 3 3 3 3 3 3 3 3 3 3 3 3 3 3 3 3 3 
					</vcount>
					<p>
						3 0 1 1 2 3 7 4 5 5 6 7 8 9 10 12 11 0 0 3 12 14 13 4 4 7 14 15 16 17 19 18 11 11 12 19 21 20 13 13 14 21 6 5 15 15 17 6 10 9 18 18 19 10 23 7 6 6 22 23 8 10 24 26 12 3 3 25 26 27 14 7 7 23 27 17 16 28 29 19 12 12 26 29 30 21 14 14 27 30 22 6 17 17 28 22 24 10 19 19 29 24 25 3 2 2 31 25 33 24 29 29 32 33 35 25 31 31 34 35 37 23 22 22 36 37 8 24 33 38 26 25 25 35 38 39 27 23 23 37 39 28 16 40 32 29 26 26 38 32 41 30 27 27 39 41 36 22 28 28 40 36 43 41 39 39 42 43 45 36 40 40 44 45 47 33 32 32 46 47 49 35 34 34 48 49 50 37 36 36 45 50 
						8 33 47 51 38 35 35 49 51 42 39 37 37 50 42 40 16 44 46 32 38 38 51 46 44 16 52 54 46 51 51 53 54 56 43 42 42 55 56 57 45 44 44 52 57 58 47 46 46 54 58 60 49 48 48 59 60 61 50 45 45 57 61 8 47 58 53 51 49 49 60 53 55 42 50 50 61 55 63 55 61 61 62 63 52 16 64 66 54 53 53 65 66 67 56 55 55 63 67 68 57 52 52 64 68 69 58 54 54 66 69 71 60 59 59 70 71 62 61 57 57 68 62 8 58 69 65 53 60 60 71 65 8 69 72 74 65 71 71 73 74 76 63 62 62 75 76 64 16 77 78 66 65 65 74 78 79 67 63 63 76 79 80 68 64 64 77 80 72 69 66 66 78 72 73 71 70 70 81 73 75 62 68 68 80 75 83 73 81 81 82 83 
						85 75 80 80 84 85 8 72 86 87 74 73 73 83 87 88 76 75 75 85 88 77 16 89 90 78 74 74 87 90 91 79 76 76 88 91 84 80 77 77 89 84 86 72 78 78 90 86 93 84 89 89 92 93 95 86 90 90 94 95 97 83 82 82 96 97 98 85 84 84 93 98 8 86 95 99 87 83 83 97 99 100 88 85 85 98 100 89 16 92 94 90 87 87 99 94 101 91 88 88 100 101 103 101 100 100 102 103 105 93 92 92 104 105 107 95 94 94 106 107 109 97 96 96 108 109 110 98 93 93 105 110 8 95 107 111 99 97 97 109 111 102 100 98 98 110 102 92 16 104 106 94 99 99 111 106 104 16 112 114 106 111 111 113 114 116 103 102 102 115 116 117 105 104 104 112 117 118 107 106 106 114 118 120 109 108 108 119 120 121 110 105 
						105 117 121 8 107 118 113 111 109 109 120 113 115 102 110 110 121 115 123 113 120 120 122 123 125 115 121 121 124 125 112 16 126 127 114 113 113 123 127 128 116 115 115 125 128 129 117 112 112 126 129 130 118 114 114 127 130 122 120 119 119 131 122 124 121 117 117 129 124 8 118 130 133 124 129 129 132 133 8 130 134 136 123 122 122 135 136 137 125 124 124 133 137 126 16 138 139 127 123 123 136 139 140 128 125 125 137 140 132 129 126 126 138 132 134 130 127 127 139 134 135 122 131 131 141 135 143 135 141 141 142 143 145 133 132 132 144 145 8 134 146 147 136 135 135 143 147 148 137 133 133 145 148 138 16 149 150 139 136 136 147 150 151 140 137 137 148 151 144 132 138 138 149 144 146 134 139 139 150 146 153 144 149 149 152 153 155 146 150 150 154 155 
						157 143 142 142 156 157 158 145 144 144 153 158 8 146 155 159 147 143 143 157 159 160 148 145 145 158 160 149 16 152 154 150 147 147 159 154 161 151 148 148 160 161 163 154 159 159 162 163 165 161 160 160 164 165 167 153 152 152 166 167 168 155 154 154 163 168 170 157 156 156 169 170 171 158 153 153 167 171 8 155 168 162 159 157 157 170 162 164 160 158 158 171 164 152 16 166 173 164 171 171 172 173 166 16 174 176 163 162 162 175 176 177 165 164 164 173 177 178 167 166 166 174 178 179 168 163 163 176 179 181 170 169 169 180 181 172 171 167 167 178 172 8 168 179 175 162 170 170 181 175 183 175 181 181 182 183 185 173 172 172 184 185 174 16 186 187 176 175 175 183 187 188 177 173 173 185 188 189 178 174 174 186 189 190 179 176 176 187 190 182 181 180 
						180 191 182 184 172 178 178 189 184 8 179 190 193 184 189 189 192 193 8 190 194 196 183 182 182 195 196 197 185 184 184 193 197 186 16 198 199 187 183 183 196 199 200 188 185 185 197 200 192 189 186 186 198 192 194 190 187 187 199 194 195 182 191 191 201 195 9 194 199 199 18 9 0 195 201 201 1 0 4 193 192 192 5 4 8 194 9 11 196 195 195 0 11 13 197 193 193 4 13 198 16 15 18 199 196 196 11 18 20 200 197 197 13 20 5 192 198 198 15 5 
					</p>
				</polylist>
			</mesh>
		</geometry>
		<geometry id="meshId1" name="meshId1_name" >
			<mesh>
				<source id="meshId1-positions" name="meshId1-positions">
					<float_array id="meshId1-positions-array" count="864"> 
						-0.067352 0.338601 0.877517 -0.072021 0.362076 1.160646 0.000000 0.369170 1.160646 0.000000 0.345234 0.877517 0.132115 0.318955 0.877517 0.141275 0.341068 1.160646 0.205100 0.306954 1.160646 0.191802 0.287052 0.877517 0.261043 0.261043 1.160646 0.244117 0.244117 0.877517 0.306954 0.205100 1.160646 0.287052 0.191802 0.877517 0.341069 0.141275 1.160646 0.318955 0.132115 0.877517 0.362077 0.072021 1.160646 0.338601 0.067352 0.877517 0.369170 -0.000000 1.160646 0.345234 -0.000000 0.877517 0.362077 -0.072022 1.160646 0.338601 -0.067352 0.877517 0.341069 -0.141275 1.160646 0.318955 -0.132115 0.877517 0.306954 -0.205100 1.160646 0.287052 -0.191802 0.877517 0.261043 -0.261043 1.160646 0.244117 -0.244117 0.877517 0.205100 -0.306954 1.160646 0.191802 -0.287052 0.877517 0.141275 -0.341069 1.160646 0.132115 -0.318955 0.877517 0.072022 -0.362076 1.160646 0.067352 -0.338601 0.877517 0.000000 -0.369170 1.160646 0.000000 -0.345234 0.877517 -0.072021 -0.362076 1.160646 -0.067352 -0.338601 0.877517 -0.141275 -0.341069 1.160646 -0.132115 -0.318955 0.877517 -0.205100 -0.306954 1.160646 -0.191802 -0.287052 0.877517 -0.261042 -0.261043 1.160646 -0.244117 -0.244117 0.877517 -0.306953 -0.205100 1.160646 -0.287052 -0.191802 0.877517 -0.341069 -0.141275 1.160646 -0.318955 -0.132115 0.877517 -0.362076 -0.072022 1.160646 -0.338601 -0.067352 0.877517 -0.369170 -0.000000 1.160646 -0.345234 -0.000000 0.877517 -0.362076 0.072022 1.160646 -0.338601 0.067352 0.877517 -0.341068 0.141275 1.160646 -0.318955 0.132115 0.877517 -0.306954 0.205100 1.160646 -0.287052 0.191802 0.877517 -0.261043 0.261043 1.160646 -0.244117 0.244117 0.877517 -0.205100 0.306954 1.160646 -0.191802 0.287052 0.877517 -0.141275 0.341069 1.160646 -0.132115 0.318955 0.877517 0.072022 0.362076 1.160646 0.067352 0.338600 0.877517 
						0.000000 0.354889 1.203513 0.069235 0.348070 1.203513 0.069235 0.348070 1.203513 0.000000 0.354889 1.203513 -0.000000 0.313164 1.221268 0.061095 0.307147 1.221268 0.135810 0.327875 1.203513 0.135810 0.327875 1.203513 0.119843 0.289326 1.221268 0.197166 0.295079 1.203513 0.197166 0.295079 1.203513 0.173985 0.260387 1.221268 0.250944 0.250944 1.203513 0.250944 0.250944 1.203513 0.221441 0.221441 1.221268 0.295080 0.197166 1.203513 0.295080 0.197166 1.203513 0.260387 0.173985 1.221268 0.327875 0.135810 1.203513 0.327875 0.135810 1.203513 0.289326 0.119843 1.221268 0.348070 0.069235 1.203513 0.348070 0.069235 1.203513 0.307147 0.061095 1.221268 0.354889 -0.000000 1.203513 0.354889 -0.000000 1.203513 0.313164 -0.000000 1.221268 0.348070 -0.069235 1.203513 0.348070 -0.069235 1.203513 0.307147 -0.061095 1.221268 0.327875 -0.135810 1.203513 0.327875 -0.135810 1.203513 0.289326 -0.119843 1.221268 0.295080 -0.197166 1.203512 0.295080 -0.197166 1.203512 0.260387 -0.173985 1.221268 0.250944 -0.250944 1.203513 0.250944 -0.250944 1.203513 0.221441 -0.221440 1.221268 0.197166 -0.295079 1.203513 0.197166 -0.295079 1.203513 0.173985 -0.260387 1.221268 0.135810 -0.327875 1.203513 0.135810 -0.327875 1.203513 0.119843 -0.289326 1.221268 0.069235 -0.348070 1.203513 0.069235 -0.348070 1.203513 0.061095 -0.307147 1.221268 0.000000 -0.354889 1.203513 0.000000 -0.354889 1.203513 0.000000 -0.313164 1.221268 -0.069235 -0.348070 1.203513 -0.069235 -0.348070 1.203513 -0.061095 -0.307147 1.221268 -0.135810 -0.327875 1.203513 -0.135810 -0.327875 1.203513 -0.119843 -0.289326 1.221268 -0.197166 -0.295079 1.203513 -0.197166 -0.295079 1.203513 -0.173985 -0.260386 1.221268 -0.250944 -0.250945 1.203513 -0.250944 -0.250945 1.203513 -0.221440 -0.221441 1.221268 -0.295079 -0.197166 1.203512 
						-0.295079 -0.197166 1.203512 -0.260386 -0.173985 1.221268 -0.327875 -0.135810 1.203513 -0.327875 -0.135810 1.203513 -0.289326 -0.119843 1.221268 -0.348070 -0.069235 1.203513 -0.348070 -0.069235 1.203513 -0.307147 -0.061095 1.221268 -0.354889 -0.000000 1.203513 -0.354889 -0.000000 1.203513 -0.313164 -0.000000 1.221268 -0.348070 0.069235 1.203513 -0.348070 0.069235 1.203513 -0.307147 0.061095 1.221268 -0.327875 0.135810 1.203513 -0.327875 0.135810 1.203513 -0.289326 0.119843 1.221268 -0.295079 0.197166 1.203513 -0.295079 0.197166 1.203513 -0.260386 0.173985 1.221268 -0.250944 0.250944 1.203513 -0.250944 0.250944 1.203513 -0.221440 0.221441 1.221268 -0.197166 0.295079 1.203513 -0.197166 0.295079 1.203513 -0.173985 0.260386 1.221268 -0.135810 0.327875 1.203513 -0.135810 0.327875 1.203513 -0.119843 0.289326 1.221268 -0.069235 0.348070 1.203513 -0.069235 0.348070 1.203513 -0.061095 0.307147 1.221268 -0.145317 -0.060192 1.208471 -0.130782 -0.087386 1.208471 -0.084793 -0.056657 1.135799 -0.094217 -0.039026 1.135799 -0.000000 0.157290 1.208471 -0.030686 0.154268 1.208471 -0.019895 0.100021 1.135799 -0.000000 0.101980 1.135799 0.087386 0.130782 1.208471 0.060193 0.145317 1.208471 0.039026 0.094217 1.135799 0.056657 0.084794 1.135799 0.111221 0.111221 1.208471 0.072111 0.072111 1.135799 0.130782 0.087386 1.208471 0.084793 0.056657 1.135799 0.145317 0.060192 1.208471 0.094217 0.039026 1.135799 0.154268 0.030686 1.208471 0.100021 0.019895 1.135799 0.157290 -0.000000 1.208471 0.101980 -0.000000 1.135799 0.154268 -0.030686 1.208471 0.100021 -0.019895 1.135799 0.145317 -0.060192 1.208471 0.094217 -0.039026 1.135799 0.130782 -0.087386 1.208471 0.084793 -0.056657 1.135799 0.111221 -0.111221 1.208471 0.072111 -0.072111 1.135799 0.087386 -0.130782 1.208471 0.056657 -0.084794 1.135799 
						0.060192 -0.145317 1.208471 0.039026 -0.094217 1.135799 0.030686 -0.154268 1.208471 0.019895 -0.100021 1.135799 0.000000 -0.157290 1.208471 -0.000000 -0.101980 1.135799 -0.030686 -0.154268 1.208471 -0.019895 -0.100021 1.135799 -0.060192 -0.145317 1.208471 -0.039026 -0.094217 1.135799 -0.087386 -0.130782 1.208471 -0.056657 -0.084793 1.135799 -0.111221 -0.111221 1.208471 -0.072111 -0.072111 1.135799 -0.129514 -0.129514 1.221268 -0.152292 -0.101759 1.221268 -0.154268 -0.030686 1.208471 -0.100021 -0.019895 1.135799 -0.157290 -0.000000 1.208471 -0.101980 -0.000000 1.135799 -0.154268 0.030686 1.208471 -0.100021 0.019895 1.135799 -0.145317 0.060192 1.208471 -0.094217 0.039026 1.135799 -0.130782 0.087386 1.208471 -0.084793 0.056657 1.135799 -0.111221 0.111221 1.208471 -0.072111 0.072111 1.135799 -0.087386 0.130782 1.208471 -0.056657 0.084793 1.135799 -0.060192 0.145317 1.208471 -0.039026 0.094217 1.135799 0.030686 0.154268 1.208471 0.019895 0.100021 1.135799 0.179641 0.035733 1.221268 0.183161 -0.000000 1.221268 -0.169218 -0.070093 1.221268 0.179641 -0.035733 1.221268 -0.179641 -0.035733 1.221268 0.169218 -0.070093 1.221268 -0.183161 -0.000000 1.221268 0.152293 -0.101759 1.221268 -0.179641 0.035733 1.221268 0.129514 -0.129514 1.221268 -0.169218 0.070092 1.221268 0.101759 -0.152293 1.221268 -0.152292 0.101759 1.221268 0.070093 -0.169218 1.221268 -0.000000 0.183161 1.221268 0.035733 0.179641 1.221268 -0.129514 0.129514 1.221268 0.035733 -0.179641 1.221268 0.070093 0.169218 1.221268 -0.101759 0.152293 1.221268 0.000000 -0.183161 1.221268 0.101759 0.152293 1.221268 -0.070092 0.169218 1.221268 -0.035733 -0.179641 1.221268 0.129514 0.129514 1.221268 -0.035733 0.179641 1.221268 -0.070092 -0.169218 1.221268 0.152293 0.101759 1.221268 -0.101759 -0.152293 1.221268 0.169218 0.070093 1.221268 
						-0.000000 0.157290 1.208471 0.030686 0.154268 1.208471 0.060193 0.145317 1.208471 0.087386 0.130782 1.208471 0.111221 0.111221 1.208471 0.130782 0.087386 1.208471 0.145317 0.060192 1.208471 0.154268 0.030686 1.208471 0.157290 -0.000000 1.208471 0.154268 -0.030686 1.208471 0.145317 -0.060192 1.208471 0.130782 -0.087386 1.208471 0.111221 -0.111221 1.208471 0.087386 -0.130782 1.208471 0.060192 -0.145317 1.208471 0.030686 -0.154268 1.208471 0.000000 -0.157290 1.208471 -0.030686 -0.154268 1.208471 -0.060192 -0.145317 1.208471 -0.087386 -0.130782 1.208471 -0.111221 -0.111221 1.208471 -0.130782 -0.087386 1.208471 -0.145317 -0.060192 1.208471 -0.154268 -0.030686 1.208471 -0.157290 -0.000000 1.208471 -0.154268 0.030686 1.208471 -0.145317 0.060192 1.208471 -0.130782 0.087386 1.208471 -0.111221 0.111221 1.208471 -0.087386 0.130782 1.208471 -0.060192 0.145317 1.208471 -0.030686 0.154268 1.208471 
					</float_array>
					<technique_common>
						<accessor count="288" offset="0" source="#meshId1-positions-array" stride="3">
							<param name="X" type="float" />
							<param name="Y" type="float" />
							<param name="Z" type="float" />
						</accessor>
					</technique_common>
				</source>
				<source id="meshId1-normals" name="meshId1-normals">
					<float_array id="meshId1-normals-array" count="864"> 
						-0.194396 0.977299 -0.084239 -0.193752 0.974062 0.116893 0.000001 0.993145 0.116893 0.000001 0.996446 -0.084239 0.381323 0.920596 -0.084240 0.380059 0.917546 0.116893 0.551761 0.825770 0.116893 0.553595 0.828514 -0.084240 0.702260 0.702259 0.116893 0.704593 0.704593 -0.084240 0.825769 0.551762 0.116893 0.828514 0.553596 -0.084240 0.917546 0.380060 0.116893 0.920596 0.381323 -0.084240 0.974062 0.193752 0.116893 0.977299 0.194396 -0.084240 0.993145 0.000000 0.116893 0.996446 -0.000000 -0.084239 0.974062 -0.193753 0.116893 0.977299 -0.194397 -0.084240 0.917546 -0.380060 0.116893 0.920596 -0.381323 -0.084240 0.825770 -0.551761 0.116893 0.828515 -0.553595 -0.084240 0.702259 -0.702260 0.116893 0.704593 -0.704594 -0.084239 0.551762 -0.825769 0.116893 0.553596 -0.828514 -0.084240 0.380060 -0.917546 0.116893 0.381323 -0.920596 -0.084240 0.193752 -0.974062 0.116893 0.194396 -0.977299 -0.084239 -0.000000 -0.993145 0.116892 -0.000000 -0.996446 -0.084239 -0.193753 -0.974062 0.116893 -0.194396 -0.977299 -0.084239 -0.380060 -0.917546 0.116893 -0.381323 -0.920596 -0.084240 -0.551762 -0.825769 0.116893 -0.553596 -0.828514 -0.084240 -0.702260 -0.702259 0.116893 -0.704593 -0.704593 -0.084239 -0.825769 -0.551762 0.116893 -0.828514 -0.553596 -0.084240 -0.917546 -0.380060 0.116893 -0.920595 -0.381324 -0.084240 -0.974062 -0.193753 0.116893 -0.977299 -0.194397 -0.084240 -0.993145 -0.000000 0.116893 -0.996446 -0.000000 -0.084240 -0.974061 0.193754 0.116893 -0.977299 0.194398 -0.084240 -0.917546 0.380061 0.116893 -0.920595 0.381324 -0.084240 -0.825770 0.551761 0.116893 -0.828514 0.553595 -0.084239 -0.702260 0.702258 0.116893 -0.704594 0.704593 -0.084240 -0.551762 0.825769 0.116893 -0.553596 0.828514 -0.084240 -0.380060 0.917546 0.116893 -0.381323 0.920596 -0.084239 0.193753 0.974061 0.116893 0.194397 0.977299 -0.084240 
						0.000001 0.746441 0.665452 0.145624 0.732098 0.665452 0.145624 0.732098 0.665452 0.000001 0.746441 0.665452 -0.000000 0.211741 0.977326 0.041309 0.207672 0.977326 0.285649 0.689621 0.665452 0.285649 0.689621 0.665452 0.081029 0.195623 0.977326 0.414700 0.620643 0.665452 0.414700 0.620643 0.665452 0.117636 0.176056 0.977326 0.527813 0.527813 0.665452 0.527813 0.527813 0.665452 0.149724 0.149723 0.977326 0.620642 0.414701 0.665453 0.620642 0.414701 0.665453 0.176055 0.117637 0.977326 0.689621 0.285650 0.665453 0.689621 0.285650 0.665453 0.195622 0.081030 0.977326 0.732098 0.145623 0.665452 0.732098 0.145623 0.665452 0.207672 0.041308 0.977326 0.746440 0.000000 0.665452 0.746440 0.000000 0.665452 0.211741 0.000000 0.977326 0.732098 -0.145623 0.665452 0.732098 -0.145623 0.665452 0.207673 -0.041309 0.977326 0.689620 -0.285651 0.665453 0.689620 -0.285651 0.665453 0.195623 -0.081030 0.977326 0.620642 -0.414700 0.665453 0.620642 -0.414700 0.665453 0.176055 -0.117637 0.977326 0.527812 -0.527813 0.665452 0.527812 -0.527813 0.665452 0.149723 -0.149723 0.977326 0.414700 -0.620643 0.665452 0.414700 -0.620643 0.665452 0.117636 -0.176056 0.977326 0.285650 -0.689621 0.665452 0.285650 -0.689621 0.665452 0.081030 -0.195623 0.977326 0.145623 -0.732098 0.665452 0.145623 -0.732098 0.665452 0.041308 -0.207672 0.977326 -0.000000 -0.746441 0.665452 -0.000000 -0.746441 0.665452 -0.000000 -0.211741 0.977326 -0.145624 -0.732098 0.665452 -0.145624 -0.732098 0.665452 -0.041309 -0.207672 0.977326 -0.285651 -0.689621 0.665452 -0.285651 -0.689621 0.665452 -0.081030 -0.195623 0.977326 -0.414700 -0.620642 0.665453 -0.414700 -0.620642 0.665453 -0.117636 -0.176056 0.977326 -0.527813 -0.527813 0.665452 -0.527813 -0.527813 0.665452 -0.149723 -0.149723 0.977326 -0.620642 -0.414700 0.665452 
						-0.620642 -0.414700 0.665452 -0.176055 -0.117637 0.977326 -0.689621 -0.285651 0.665452 -0.689621 -0.285651 0.665452 -0.195622 -0.081030 0.977326 -0.732098 -0.145623 0.665452 -0.732098 -0.145623 0.665452 -0.207672 -0.041309 0.977326 -0.746440 -0.000000 0.665452 -0.746440 -0.000000 0.665452 -0.211740 0.000000 0.977326 -0.732097 0.145624 0.665452 -0.732097 0.145624 0.665452 -0.207672 0.041309 0.977326 -0.689621 0.285651 0.665452 -0.689621 0.285651 0.665452 -0.195623 0.081030 0.977326 -0.620643 0.414699 0.665452 -0.620643 0.414699 0.665452 -0.176057 0.117637 0.977326 -0.527814 0.527812 0.665452 -0.527814 0.527812 0.665452 -0.149724 0.149723 0.977326 -0.414700 0.620642 0.665453 -0.414700 0.620642 0.665453 -0.117637 0.176056 0.977326 -0.285650 0.689621 0.665453 -0.285650 0.689621 0.665453 -0.081029 0.195623 0.977326 -0.145623 0.732098 0.665452 -0.145623 0.732098 0.665452 -0.041308 0.207672 0.977326 0.579956 0.240226 0.778423 0.521948 0.348754 0.778422 0.387288 0.258778 0.884896 0.430332 0.178250 0.884896 -0.000000 -0.627740 0.778423 0.122465 -0.615678 0.778423 0.090871 -0.456838 0.884896 -0.000001 -0.465788 0.884896 -0.348753 -0.521947 0.778424 -0.240224 -0.579957 0.778423 -0.178248 -0.430332 0.884897 -0.258778 -0.387289 0.884896 -0.443879 -0.443879 0.778423 -0.329362 -0.329361 0.884897 -0.521947 -0.348754 0.778423 -0.387289 -0.258778 0.884896 -0.579956 -0.240226 0.778423 -0.430332 -0.178249 0.884897 -0.615678 -0.122466 0.778423 -0.456838 -0.090871 0.884896 -0.627741 0.000000 0.778422 -0.465787 0.000000 0.884897 -0.615678 0.122466 0.778423 -0.456838 0.090871 0.884896 -0.579957 0.240226 0.778422 -0.430332 0.178249 0.884897 -0.521948 0.348753 0.778422 -0.387289 0.258778 0.884896 -0.443879 0.443879 0.778423 -0.329361 0.329362 0.884897 -0.348753 0.521947 0.778423 -0.258778 0.387288 0.884896 
						-0.240225 0.579956 0.778423 -0.178249 0.430332 0.884897 -0.122466 0.615678 0.778423 -0.090871 0.456838 0.884896 -0.000000 0.627740 0.778423 0.000000 0.465788 0.884897 0.122465 0.615678 0.778423 0.090871 0.456838 0.884896 0.240225 0.579956 0.778423 0.178250 0.430332 0.884896 0.348754 0.521947 0.778423 0.258779 0.387288 0.884896 0.443880 0.443879 0.778422 0.329362 0.329362 0.884896 0.151387 0.151386 0.976813 0.178012 0.118943 0.976813 0.615678 0.122466 0.778423 0.456838 0.090871 0.884896 0.627740 -0.000000 0.778423 0.465788 -0.000000 0.884896 0.615678 -0.122467 0.778423 0.456838 -0.090871 0.884896 0.579956 -0.240226 0.778423 0.430332 -0.178250 0.884896 0.521948 -0.348753 0.778422 0.387289 -0.258778 0.884896 0.443880 -0.443879 0.778423 0.329362 -0.329361 0.884896 0.348754 -0.521947 0.778423 0.258778 -0.387289 0.884896 0.240225 -0.579957 0.778423 0.178249 -0.430332 0.884896 -0.122465 -0.615678 0.778423 -0.090871 -0.456838 0.884897 -0.209979 -0.041767 0.976813 -0.214093 0.000000 0.976813 0.197796 0.081930 0.976813 -0.209978 0.041767 0.976814 0.209979 0.041767 0.976813 -0.197796 0.081930 0.976813 0.214092 0.000000 0.976813 -0.178012 0.118943 0.976813 0.209978 -0.041767 0.976813 -0.151386 0.151386 0.976813 0.197796 -0.081930 0.976813 -0.118943 0.178011 0.976813 0.178012 -0.118943 0.976813 -0.081929 0.197796 0.976813 -0.000000 -0.214092 0.976813 -0.041767 -0.209979 0.976813 0.151386 -0.151386 0.976814 -0.041767 0.209979 0.976814 -0.081929 -0.197796 0.976813 0.118943 -0.178011 0.976814 -0.000000 0.214092 0.976813 -0.118943 -0.178011 0.976814 0.081929 -0.197796 0.976813 0.041766 0.209979 0.976813 -0.151386 -0.151386 0.976813 0.041767 -0.209979 0.976813 0.081928 0.197795 0.976814 -0.178011 -0.118943 0.976813 0.118943 0.178011 0.976813 -0.197795 -0.081930 0.976813 
						-0.000000 -0.627740 0.778423 -0.122465 -0.615678 0.778423 -0.240224 -0.579957 0.778423 -0.348753 -0.521947 0.778424 -0.443879 -0.443879 0.778423 -0.521947 -0.348754 0.778423 -0.579956 -0.240226 0.778423 -0.615678 -0.122466 0.778423 -0.627741 0.000000 0.778422 -0.615678 0.122466 0.778423 -0.579957 0.240226 0.778422 -0.521948 0.348753 0.778422 -0.443879 0.443879 0.778423 -0.348753 0.521947 0.778423 -0.240225 0.579956 0.778423 -0.122466 0.615678 0.778423 -0.000000 0.627740 0.778423 0.122465 0.615678 0.778423 0.240225 0.579956 0.778423 0.348754 0.521947 0.778423 0.443880 0.443879 0.778422 0.521948 0.348754 0.778422 0.579956 0.240226 0.778423 0.615678 0.122466 0.778423 0.627740 -0.000000 0.778423 0.615678 -0.122467 0.778423 0.579956 -0.240226 0.778423 0.521948 -0.348753 0.778422 0.443880 -0.443879 0.778423 0.348754 -0.521947 0.778423 0.240225 -0.579957 0.778423 0.122465 -0.615678 0.778423 
					</float_array>
					<technique_common>
						<accessor count="288" offset="0" source="#meshId1-normals-array" stride="3">
							<param name="X" type="float" />
							<param name="Y" type="float" />
							<param name="Z" type="float" />
						</accessor>
					</technique_common>
				</source>
				<source id="meshId1-tangents" name="meshId1-tangents">
					<float_array id="meshId1-tangents-array" count="864"> 
						0.619564 0.188909 0.761875 0.408761 -0.028162 0.912207 0.216728 -0.114115 0.969539 0.460535 0.074774 0.884486 -0.006452 0.093773 0.995573 -0.175889 -0.052379 0.983016 -0.322076 0.081691 0.943183 -0.212132 0.238109 0.947789 -0.407679 0.262082 0.874706 -0.331727 0.431995 0.838652 -0.421239 0.465531 0.778356 -0.349863 0.629215 0.694035 -0.359124 0.665871 0.653946 -0.280089 0.795048 0.538004 -0.226282 0.835470 0.500786 -0.148291 0.911628 0.383334 -0.037581 0.946910 0.319296 0.019783 0.972034 0.234007 0.180692 0.976954 0.113628 0.201680 0.975413 0.088852 0.392002 0.913876 -0.105666 0.377878 0.924264 -0.054258 0.557035 0.765365 -0.322380 0.530883 0.824395 -0.196308 0.645785 0.559262 -0.519796 0.645047 0.685431 -0.337786 0.645795 0.334341 -0.686414 0.706488 0.520786 -0.479225 0.561763 0.128575 -0.817246 0.702718 0.347866 -0.620626 0.410687 -0.027677 -0.911356 0.623339 0.189384 -0.758672 0.217429 -0.114096 -0.969385 0.464584 0.074596 -0.882381 0.011086 -0.121317 -0.992552 0.240022 0.035876 -0.970104 -0.178734 -0.051142 -0.982567 -0.008150 0.094469 -0.995494 -0.325902 0.084469 -0.941622 -0.217016 0.241181 -0.945905 -0.411178 0.266054 -0.871865 -0.336145 0.435956 -0.834835 -0.423541 0.469785 -0.774542 -0.351949 0.631816 -0.690609 -0.360086 0.669501 -0.649697 -0.280225 0.795283 -0.537586 -0.226276 0.838170 -0.496257 -0.147985 0.910892 -0.385196 -0.037012 0.948550 -0.314457 0.019905 0.971683 -0.235446 0.181394 0.977403 -0.108529 0.201712 0.975363 -0.089326 0.392342 0.913124 0.110777 0.377835 0.924256 0.054697 0.556583 0.763690 0.327098 0.530637 0.824231 0.197655 0.644381 0.557206 0.523732 0.644350 0.684999 0.339983 0.643644 0.332490 0.689328 0.705000 0.520090 0.482163 0.559369 0.127349 0.819078 0.700098 0.347090 0.624013 0.012153 -0.121525 0.992514 0.237806 0.036362 0.970632 
						0.347574 -0.623963 0.699902 0.018131 -0.674484 0.738067 0.564551 -0.613852 0.551787 0.511917 -0.571647 0.641218 0.479337 -0.857731 0.185830 0.483746 -0.860028 0.162301 -0.307449 -0.591735 0.745201 0.590390 -0.673600 0.444637 0.485363 -0.864178 0.132734 -0.575698 -0.387389 0.720070 0.587056 -0.741235 0.325478 0.483731 -0.869663 0.098437 -0.742447 -0.093825 0.663301 0.556325 -0.806856 0.198711 0.479571 -0.875405 0.060640 -0.780080 0.240802 0.577486 0.503084 -0.861580 0.067717 0.473278 -0.880669 0.020746 -0.683513 0.560322 0.467814 0.434531 -0.898331 -0.064697 0.465520 -0.884816 -0.019819 -0.472093 0.812703 0.341528 0.359712 -0.912221 -0.196114 0.457338 -0.887289 -0.059677 -0.183895 0.961058 0.206276 0.288599 -0.901063 -0.323722 0.450130 -0.887622 -0.097522 0.134376 0.988560 0.068496 0.231686 -0.865415 -0.444272 0.445541 -0.885462 -0.132099 0.436588 0.897138 -0.067340 0.197203 -0.810113 -0.552112 0.442861 -0.881878 -0.161759 0.682725 0.703186 -0.198536 0.195238 -0.740226 -0.643388 0.444260 -0.876478 -0.185527 0.841143 0.433547 -0.323290 0.223737 -0.669403 -0.708407 0.448504 -0.870634 -0.202088 0.889696 0.123085 -0.439649 0.280079 -0.608739 -0.742289 0.454744 -0.865359 -0.210622 0.817693 -0.186741 -0.544524 0.354696 -0.568993 -0.741915 0.462135 -0.861407 -0.210736 0.629554 -0.450297 -0.633162 0.434797 -0.556826 -0.707741 0.469328 -0.859498 -0.202472 0.348657 -0.623695 -0.699602 0.509034 -0.572785 -0.642496 0.476695 -0.859137 -0.186135 0.017225 -0.674396 -0.738169 0.562939 -0.614436 -0.552783 0.481970 -0.860972 -0.162577 -0.310680 -0.590244 -0.745043 0.589834 -0.673797 -0.445078 0.484508 -0.864634 -0.132895 -0.580151 -0.383063 -0.718810 0.587237 -0.741169 -0.325303 0.483910 -0.869568 -0.098398 -0.745885 -0.086733 -0.660403 0.556942 -0.806600 -0.198020 0.480372 -0.874979 -0.060453 -0.780757 0.248642 -0.573232 
						0.503943 -0.861161 -0.066654 0.474501 -0.880018 -0.020448 -0.681536 0.566653 -0.463048 0.435653 -0.897682 0.066138 0.467211 -0.883915 0.020232 -0.468676 0.816597 -0.336915 0.361166 -0.911255 0.197924 0.459609 -0.886078 0.060210 -0.180178 0.962647 -0.202106 0.290562 -0.899637 0.325925 0.452830 -0.886183 0.098107 0.137718 0.988351 -0.064775 0.234193 -0.863531 0.446618 0.448099 -0.884097 0.132585 0.439181 0.895614 0.070682 0.201200 -0.807160 0.554988 0.446232 -0.880080 0.162286 0.684333 0.700761 0.201549 0.197923 -0.738348 0.644723 0.447107 -0.874958 0.185857 0.841605 0.430630 0.325972 0.226012 -0.667949 0.709058 0.450768 -0.869427 0.202250 0.888969 0.120161 0.441922 0.281615 -0.607861 0.742427 0.456373 -0.864492 0.210662 0.816003 -0.189099 0.546242 0.357340 -0.567660 0.741667 0.463989 -0.860420 0.210692 0.627596 -0.451606 0.634173 0.439240 -0.554855 0.706544 0.472425 -0.857851 0.202253 0.193331 0.887650 -0.417973 0.176427 0.848719 -0.498547 0.164717 0.924937 -0.342578 0.171942 0.946174 -0.274210 0.235239 0.756579 0.610124 0.263611 0.776333 0.572553 0.387934 0.834620 0.391045 0.352601 0.828063 0.435872 0.173696 0.780186 0.600949 0.187342 0.759130 0.623397 0.251986 0.849347 0.463803 0.206021 0.872892 0.442283 0.169793 0.811292 0.559443 0.174827 0.899710 0.399946 0.176475 0.848697 0.498568 0.162823 0.925516 0.341919 0.193386 0.887622 0.418005 0.170914 0.946487 0.273772 0.218455 0.922603 0.317932 0.194403 0.960524 0.198999 0.248390 0.947723 0.200308 0.231361 0.965216 0.121783 0.278282 0.957990 0.069385 0.273556 0.960914 0.042549 0.303495 0.950460 -0.067201 0.320827 0.946504 -0.034639 0.318080 0.926349 -0.201749 0.361260 0.925644 -0.112583 0.319976 0.889936 -0.325008 0.390106 0.900926 -0.190129 0.309759 0.848088 -0.429878 0.405411 0.875055 -0.264423 
						0.289856 0.808177 -0.512673 0.404669 0.851788 -0.332716 0.263502 0.776348 -0.572582 0.385677 0.835375 -0.391666 0.235024 0.756619 -0.610157 0.349650 0.829042 -0.436387 0.208361 0.750898 -0.626688 0.302264 0.834002 -0.461603 0.186928 0.759259 -0.623365 0.251803 0.849406 -0.463794 0.173405 0.780294 -0.600892 0.207402 0.872457 -0.442497 0.169639 0.811358 -0.559393 0.176831 0.899089 -0.400462 0.481218 -0.874480 0.060947 0.474496 -0.880014 0.020685 0.218315 0.922671 -0.317832 0.195733 0.960120 -0.199645 0.247951 0.947913 -0.199954 0.231175 0.965272 -0.121685 0.277801 0.958159 -0.068977 0.272885 0.961121 -0.042181 0.303162 0.950547 0.067477 0.318455 0.947256 0.035944 0.317814 0.926397 0.201949 0.361920 0.925429 0.112231 0.319785 0.889960 0.325130 0.391075 0.900607 0.189649 0.309671 0.848097 0.429924 0.406289 0.874764 0.264040 0.289877 0.808174 0.512665 0.404948 0.851695 0.332615 0.208716 0.750810 0.626675 0.305886 0.832814 0.461361 0.457262 -0.887282 0.060355 0.449970 -0.887581 0.098622 0.466600 -0.884235 -0.020317 0.445932 -0.885025 0.133701 0.458696 -0.886518 -0.060696 0.443761 -0.881056 0.163756 0.451981 -0.886510 -0.099063 0.446178 -0.875006 0.187857 0.447263 -0.884314 -0.133957 0.450604 -0.868984 0.204509 0.445168 -0.880305 -0.163978 0.457505 -0.863311 0.213035 0.447855 -0.874106 -0.188053 0.465645 -0.858960 0.212986 0.482626 -0.855519 -0.187508 0.486685 -0.858111 -0.163653 0.452421 -0.868008 -0.204639 0.473729 -0.856623 0.204398 0.487353 -0.862885 -0.133850 0.459430 -0.862277 -0.213081 0.480521 -0.856649 0.187756 0.484371 -0.869195 -0.099419 0.467770 -0.857817 -0.212934 0.485088 -0.858967 0.163905 0.479635 -0.875323 -0.061324 0.476040 -0.855381 -0.204230 0.487189 -0.862973 0.133882 0.473808 -0.880381 -0.020856 0.485754 -0.868458 0.099117 0.465946 -0.884584 0.020156 
						0.480036 -0.682871 -0.550684 0.514888 -0.709934 -0.480504 0.533724 -0.748728 -0.393124 0.535421 -0.792649 -0.291603 0.519723 -0.835182 -0.179884 0.489426 -0.869870 -0.061555 0.447752 -0.892260 0.058236 0.402186 -0.898331 0.176771 0.356338 -0.889071 0.287361 0.321972 -0.862529 0.390356 0.299060 -0.826036 0.477732 0.295930 -0.781873 0.548726 0.311108 -0.738318 0.598413 0.342439 -0.702178 0.624245 0.385251 -0.679088 0.624837 0.432801 -0.672691 0.600142 0.477525 -0.683936 0.551544 0.513062 -0.710668 0.481371 0.534216 -0.748533 0.392825 0.536714 -0.792118 0.290668 0.521146 -0.834547 0.178710 0.490205 -0.869480 0.060858 0.448461 -0.891860 -0.058888 0.402027 -0.898430 -0.176629 0.357728 -0.888150 -0.288481 0.323295 -0.861624 -0.391260 0.300012 -0.825394 -0.478243 0.297071 -0.781134 -0.549161 0.312623 -0.737401 -0.598754 0.344328 -0.701127 -0.624387 0.387670 -0.677862 -0.624672 0.435577 -0.671411 -0.599567 
					</float_array>
					<technique_common>
						<accessor count="288" offset="0" source="#meshId1-tangents-array" stride="3">
							<param name="X" type="float" />
							<param name="Y" type="float" />
							<param name="Z" type="float" />
						</accessor>
					</technique_common>
				</source>
				<source id="meshId1-bitangents" name="meshId1-bitangents">
					<float_array id="meshId1-bitangents-array" count="864"> 
						0.760494 0.095914 -0.642223 0.891838 0.224524 -0.392702 0.976232 0.025333 -0.215243 0.887641 -0.038796 -0.458898 0.924419 -0.379091 0.041697 0.908085 -0.394164 0.141479 0.769303 -0.558060 0.311034 0.805315 -0.506822 0.307570 0.583635 -0.661925 0.470346 0.627300 -0.562964 0.538113 0.375050 -0.691983 0.616845 0.437220 -0.545545 0.714996 0.170703 -0.642004 0.747456 0.272128 -0.471690 0.838722 -0.000632 -0.514247 0.857642 0.151314 -0.362140 0.919760 -0.110687 -0.321500 0.940418 0.081884 -0.234842 0.968579 -0.136215 -0.089560 0.986623 0.064896 -0.103824 0.992476 -0.066666 0.142776 0.987507 0.098550 0.018118 0.994967 0.088411 0.331325 0.939365 0.178122 0.117923 0.976917 0.299658 0.440519 0.846255 0.295742 0.183663 0.937446 0.527738 0.454226 0.717754 0.440915 0.205783 0.873640 0.734831 0.376269 0.564309 0.600650 0.177463 0.779568 0.890952 0.224584 0.394672 0.757403 0.094973 0.646004 0.976076 0.025416 0.215938 0.885529 -0.039136 0.462933 0.980988 -0.191014 0.034304 0.951104 -0.208804 0.227600 0.907529 -0.394327 -0.144559 0.924406 -0.378919 -0.043526 0.767689 -0.557647 -0.315727 0.804012 -0.505367 -0.313318 0.581175 -0.660339 -0.475592 0.624944 -0.559902 -0.544017 0.372448 -0.689102 -0.621628 0.435542 -0.542531 -0.718306 0.168664 -0.638218 -0.751152 0.271988 -0.471293 -0.838991 -0.001825 -0.509835 -0.860270 0.151614 -0.363986 -0.918982 -0.110878 -0.316628 -0.942047 0.081854 -0.236286 -0.968230 -0.135279 -0.084511 -0.987197 0.064799 -0.104290 -0.992434 -0.064635 0.147505 -0.986947 0.098716 0.018525 -0.994943 0.091210 0.335168 -0.937733 0.178854 0.119059 -0.976645 0.302662 0.443120 -0.843825 0.297254 0.185270 -0.936651 0.530360 0.455582 -0.714957 0.443291 0.207534 -0.872022 0.736655 0.376685 -0.561647 0.603702 0.178974 -0.776860 0.980975 -0.190882 -0.035383 0.951661 -0.208721 -0.225339 
						0.937652 0.231293 -0.259444 0.989174 -0.095415 -0.111495 0.812451 0.295328 -0.502698 0.859035 0.340656 -0.382116 0.877631 0.468469 -0.101495 0.874233 0.466073 -0.135987 0.907678 -0.417459 0.042995 0.754881 0.265866 -0.599559 0.870550 0.463603 -0.164972 0.704695 -0.681713 0.196653 0.695262 0.255682 -0.671742 0.867275 0.461183 -0.187468 0.412535 -0.844163 0.342351 0.641806 0.265326 -0.719505 0.864635 0.459618 -0.202872 0.079241 -0.877518 0.472951 0.601423 0.292750 -0.743362 0.863141 0.458894 -0.210721 -0.239236 -0.777460 0.581655 0.579316 0.333776 -0.743631 0.863147 0.458841 -0.210811 -0.491081 -0.564188 0.663726 0.578481 0.382946 -0.720217 0.864705 0.459361 -0.203157 -0.639539 -0.276346 0.717373 0.599615 0.433688 -0.672590 0.867496 0.460574 -0.187946 -0.667814 0.039275 0.743291 0.640589 0.479427 -0.599830 0.870842 0.462872 -0.165482 -0.577767 0.336968 0.743396 0.696803 0.511977 -0.502339 0.874989 0.464463 -0.136630 -0.385604 0.577541 0.719553 0.759399 0.529235 -0.378450 0.878429 0.466850 -0.102047 -0.117868 0.730377 0.672798 0.819363 0.522793 -0.235228 0.881151 0.468592 -0.063202 0.190958 0.774373 0.603226 0.865783 0.494206 -0.078615 0.882819 0.469210 -0.021737 0.499782 0.699679 0.510556 0.890278 0.447961 0.082073 0.883100 0.468732 0.020605 0.763188 0.511141 0.395322 0.888676 0.392400 0.237228 0.882057 0.467051 0.061962 0.937251 0.232014 0.260252 0.860746 0.338738 0.379964 0.879069 0.465886 0.100936 0.989190 -0.096033 0.110818 0.813569 0.294110 0.501602 0.875213 0.464326 0.135658 0.906577 -0.419565 -0.045648 0.755314 0.265369 0.599232 0.871026 0.462753 0.164842 0.701034 -0.684153 -0.201210 0.695109 0.255875 0.671827 0.867175 0.461362 0.187488 0.406286 -0.844921 -0.347909 0.641271 0.266101 0.719695 0.864191 0.460429 0.202927 0.072260 -0.875329 -0.478098 
						0.600703 0.293982 0.743458 0.862469 0.460142 0.210751 -0.244811 -0.772857 -0.585457 0.578472 0.335516 0.743505 0.862233 0.460575 0.210772 -0.494343 -0.558537 -0.666079 0.577574 0.385238 0.719722 0.863500 0.461691 0.202999 -0.640596 -0.270760 -0.718558 0.598666 0.436639 0.671525 0.866090 0.463335 0.187641 -0.667133 0.044224 -0.743624 0.639677 0.482812 0.598085 0.869528 0.465473 0.165092 -0.575797 0.340998 -0.743087 0.695659 0.516621 0.499161 0.873275 0.467861 0.136006 -0.382741 0.580481 -0.718715 0.758702 0.531852 0.376173 0.876983 0.469691 0.101446 -0.114511 0.732101 -0.671502 0.818738 0.524650 0.233261 0.879995 0.470829 0.062683 0.194314 0.774832 -0.601563 0.865285 0.495285 0.077298 0.881978 0.470806 0.021349 0.502537 0.699045 -0.508717 0.889220 0.449650 -0.084277 0.882127 0.470541 -0.021048 0.764799 0.509985 -0.393697 0.886489 0.395183 -0.240767 0.880403 0.470068 -0.062673 -0.791375 0.392899 0.468355 -0.834532 0.397550 0.381458 -0.907125 0.278434 0.315592 -0.886144 0.270152 0.376520 -0.971938 0.183115 0.147669 -0.956823 0.135083 0.257374 -0.917197 0.307747 0.253065 -0.935774 0.312016 0.164237 -0.920978 0.344792 -0.181432 -0.952468 0.295587 -0.073711 -0.951173 0.305654 -0.042957 -0.943710 0.296760 -0.146095 -0.879853 0.380496 -0.284748 -0.927877 0.286431 -0.238749 -0.834523 0.397599 -0.381428 -0.907467 0.276503 -0.316307 -0.791362 0.392961 -0.468325 -0.886342 0.269055 -0.376838 -0.757111 0.365794 -0.541274 -0.868048 0.262937 -0.421138 -0.737729 0.319094 -0.594924 -0.854116 0.261456 -0.449585 -0.737224 0.259340 -0.623894 -0.846443 0.261507 -0.463840 -0.756003 0.197273 -0.624134 -0.843733 0.268992 -0.464498 -0.791452 0.142298 -0.594437 -0.848233 0.276076 -0.451977 -0.837011 0.104812 -0.537055 -0.859848 0.282582 -0.425216 -0.884545 0.091202 -0.457451 -0.876742 0.290320 -0.383456 
						-0.926431 0.102474 -0.362248 -0.896923 0.298784 -0.325972 -0.956854 0.134994 -0.257309 -0.918148 0.305693 -0.252103 -0.971990 0.182948 -0.147534 -0.936880 0.309404 -0.162863 -0.970355 0.238941 -0.036324 -0.948883 0.309419 -0.062299 -0.952549 0.295257 0.073983 -0.951221 0.305491 0.043047 -0.921033 0.344546 0.181622 -0.943408 0.298038 0.145449 -0.879883 0.380354 0.284846 -0.927498 0.288374 0.237885 0.863430 0.460833 -0.205235 0.862070 0.459812 -0.213091 -0.757152 0.365623 0.541332 -0.867749 0.264409 0.420833 -0.737877 0.318530 0.595043 -0.854166 0.261245 0.449612 -0.737406 0.258714 0.623939 -0.846660 0.260745 0.463874 -0.756137 0.196854 0.624103 -0.844631 0.266331 0.464399 -0.791559 0.141986 0.594369 -0.847951 0.276795 0.452065 -0.837083 0.104609 0.536981 -0.859407 0.283598 0.425431 -0.884576 0.091118 0.457409 -0.876335 0.291196 0.383721 -0.926425 0.102492 0.362260 -0.896797 0.299049 0.326076 -0.970278 0.239215 0.036554 -0.947722 0.312602 0.064062 0.864188 0.459333 0.205409 0.867001 0.460651 0.190025 0.862068 0.459800 -0.213126 0.870088 0.463667 0.167211 0.863428 0.460805 -0.205308 0.874044 0.465862 0.137913 0.865955 0.462710 -0.189795 0.877062 0.469273 0.102692 0.869405 0.465020 -0.167006 0.879795 0.471115 0.063337 0.873328 0.467280 -0.137648 0.881216 0.472236 0.021244 0.876206 0.470947 -0.102332 0.881171 0.472298 -0.021729 0.875826 0.471436 0.103327 0.872578 0.468566 0.138034 0.878862 0.472910 -0.062914 0.879680 0.471282 -0.063694 0.869353 0.465087 0.167091 0.880214 0.474121 -0.020778 0.876983 0.469379 -0.102875 0.866739 0.461315 0.189608 0.880045 0.474369 0.022243 0.873467 0.466995 -0.137734 0.864310 0.459230 0.205122 0.878431 0.473532 0.064231 0.869445 0.464924 -0.167066 0.862449 0.459109 0.213074 0.865965 0.462702 -0.189766 0.862422 0.459129 0.213141 
						0.877249 0.373671 0.301338 0.848465 0.341956 0.403948 0.810822 0.321025 0.489399 0.769218 0.315087 0.555900 0.729972 0.324718 0.601414 0.698594 0.348852 0.624715 0.680566 0.382315 0.625033 0.677633 0.421905 0.602337 0.692073 0.457769 0.558106 0.719218 0.490964 0.491610 0.757768 0.509859 0.407224 0.799997 0.516765 0.304890 0.840347 0.507797 0.189630 0.872414 0.484270 0.066152 0.890996 0.449990 -0.060294 0.893132 0.410399 -0.184085 0.878618 0.371717 -0.299762 0.849570 0.340428 -0.402913 0.810496 0.321480 -0.489639 0.768315 0.316419 -0.556390 0.728956 0.326346 -0.601765 0.698047 0.349822 -0.624784 0.680098 0.383244 -0.624972 0.677728 0.421693 -0.602379 0.691356 0.459555 -0.557527 0.718624 0.492550 -0.490891 0.757392 0.510897 -0.406622 0.799574 0.517880 -0.304107 0.839785 0.509127 -0.188551 0.871670 0.485790 -0.064799 0.889946 0.451833 0.061992 0.891782 0.412489 0.185951 
					</float_array>
					<technique_common>
						<accessor count="288" offset="0" source="#meshId1-bitangents-array" stride="3">
							<param name="X" type="float" />
							<param name="Y" type="float" />
							<param name="Z" type="float" />
						</accessor>
					</technique_common>
				</source>
				<source id="meshId1-tex0" name="meshId1-tex0">
					<float_array id="meshId1-tex0-array" count="576"> 
						0.671324 0.753846 0.741395 0.717911 0.751953 0.743648 0.676125 0.765345 0.678660 0.790184 0.757339 0.798782 0.751997 0.826094 0.676276 0.802579 0.741502 0.851859 0.671987 0.814290 0.726226 0.875095 0.665526 0.824830 0.706723 0.894914 0.657124 0.833828 0.683718 0.910545 0.647101 0.840947 0.658083 0.921374 0.635856 0.845921 0.630799 0.926965 0.623829 0.848572 0.602923 0.927088 0.611497 0.848787 0.575541 0.921729 0.599343 0.846557 0.549719 0.911088 0.587840 0.841966 0.526469 0.895574 0.577440 0.835190 0.506696 0.875790 0.568548 0.826488 0.491172 0.852504 0.561513 0.816194 0.480498 0.826623 0.556610 0.804704 0.475085 0.799152 0.554032 0.792462 0.475137 0.771157 0.553881 0.779937 0.480642 0.743720 0.556164 0.767612 0.491376 0.717899 0.560795 0.755960 0.506911 0.694679 0.567596 0.745427 0.526628 0.674941 0.576314 0.736404 0.549770 0.659433 0.586340 0.729196 0.575463 0.648748 0.597570 0.724160 0.602728 0.643302 0.609554 0.721483 0.630519 0.643308 0.621825 0.721257 0.657763 0.648767 0.633901 0.723484 0.683408 0.659467 0.645310 0.728074 0.706462 0.674988 0.655608 0.734850 0.726039 0.694726 0.664394 0.743551 0.757329 0.770950 0.678606 0.777613 
						0.770229 0.738096 0.776333 0.769035 0.798148 0.911075 0.787557 0.895265 0.798433 0.889416 0.807675 0.903226 0.776353 0.800563 0.811604 0.924522 0.819422 0.914973 0.770310 0.831500 0.827412 0.935097 0.833224 0.924211 0.758426 0.860696 0.844979 0.942399 0.848562 0.930589 0.741115 0.887049 0.863634 0.946140 0.864849 0.933858 0.719003 0.909546 0.882659 0.946176 0.881460 0.933893 0.692906 0.927307 0.901326 0.942509 0.897758 0.930694 0.663812 0.939627 0.918926 0.935278 0.913130 0.924382 0.632836 0.946005 0.934780 0.924766 0.926987 0.915202 0.601178 0.946176 0.948333 0.911343 0.938768 0.903449 0.570076 0.940119 0.958986 0.895480 0.948068 0.889632 0.540744 0.928061 0.966319 0.877854 0.954475 0.874258 0.514330 0.910468 0.970066 0.859144 0.957753 0.857929 0.491866 0.888022 0.970093 0.840073 0.957785 0.841277 0.474228 0.861600 0.966411 0.821376 0.954581 0.824936 0.462100 0.832231 0.959165 0.803709 0.948206 0.809542 0.455948 0.801058 0.948565 0.787794 0.938981 0.795658 0.456003 0.769294 0.935065 0.774267 0.927208 0.783851 0.462251 0.738169 0.919185 0.763642 0.913353 0.774574 0.474432 0.708883 0.901539 0.756325 0.897955 0.768184 0.492057 0.682558 
						0.882808 0.752596 0.881608 0.764924 0.514428 0.660185 0.863713 0.752596 0.864943 0.764918 0.540685 0.642602 0.844990 0.756323 0.848601 0.768165 0.569844 0.630481 0.827359 0.763631 0.833211 0.774538 0.600795 0.624296 0.811495 0.774238 0.819365 0.783791 0.632350 0.624296 0.798009 0.787743 0.807592 0.795572 0.663288 0.630485 0.787429 0.803620 0.798352 0.809423 0.692411 0.642623 0.780162 0.821246 0.791995 0.824805 0.718589 0.660233 0.776476 0.839926 0.788755 0.841120 0.740816 0.682623 0.776479 0.858986 0.788806 0.857755 0.758247 0.708918 0.780237 0.877687 0.792057 0.874066 0.794490 0.741387 0.787563 0.734456 0.806708 0.718467 0.810133 0.721971 0.873965 0.717237 0.870227 0.726289 0.848116 0.714766 0.850023 0.710248 0.873967 0.688241 0.875867 0.697846 0.851017 0.700515 0.850140 0.695683 0.870230 0.679186 0.848329 0.691124 0.864797 0.671035 0.845660 0.687017 0.857875 0.664103 0.842233 0.683518 0.849730 0.658659 0.838186 0.680758 0.840680 0.654911 0.833672 0.678849 0.831073 0.653002 0.828865 0.677854 0.821280 0.653002 0.823953 0.677826 0.811672 0.654909 0.819131 0.678714 0.802620 0.658656 0.814583 0.680535 0.794475 0.664100 0.810484 0.683217 
						0.787551 0.671031 0.806991 0.686656 0.782115 0.679182 0.804232 0.690707 0.778376 0.688237 0.802325 0.695224 0.776476 0.697846 0.801344 0.700035 0.776478 0.707637 0.801332 0.704954 0.778383 0.717247 0.802218 0.709791 0.782125 0.726303 0.804041 0.714355 0.887677 0.801932 0.878116 0.800023 0.802637 0.746829 0.814177 0.724735 0.811689 0.750571 0.818686 0.726647 0.821293 0.752473 0.823486 0.727632 0.831081 0.752469 0.828392 0.727651 0.840684 0.750559 0.833218 0.726759 0.849732 0.746810 0.837768 0.724938 0.857873 0.741366 0.841866 0.722256 0.864793 0.734437 0.845356 0.718817 0.875866 0.707633 0.851003 0.705437 0.887623 0.896997 0.896616 0.893315 0.868369 0.800017 0.904707 0.887914 0.858811 0.801912 0.911613 0.881058 0.849812 0.805636 0.917034 0.872958 0.841721 0.811044 0.920771 0.863963 0.834817 0.817915 0.922682 0.854411 0.829411 0.826024 0.922693 0.844670 0.829489 0.872809 0.834893 0.880906 0.825693 0.835021 0.920803 0.835112 0.841784 0.887789 0.823805 0.844568 0.917083 0.826107 0.849864 0.893194 0.823821 0.854299 0.911676 0.818006 0.858829 0.896958 0.825741 0.863836 0.904800 0.811093 0.868373 0.898868 0.896685 0.805670 0.878095 0.898881 
						0.836309 0.869143 0.840905 0.875959 0.846707 0.881791 0.853525 0.886374 0.861099 0.889534 0.869141 0.891157 0.877344 0.891178 0.885395 0.889598 0.892969 0.886464 0.899809 0.881922 0.905605 0.876118 0.910186 0.869295 0.913343 0.861709 0.914957 0.853651 0.914967 0.845431 0.913374 0.837365 0.910239 0.829763 0.905686 0.822917 0.899854 0.817117 0.893020 0.812530 0.885423 0.809370 0.877357 0.807755 0.869133 0.807745 0.861067 0.809340 0.853470 0.812475 0.846634 0.817029 0.840829 0.822850 0.836262 0.829674 0.833119 0.837259 0.831522 0.845311 0.831530 0.853517 0.833146 0.861564 
					</float_array>
					<technique_common>
						<accessor count="288" offset="0" source="#meshId1-tex0-array" stride="2">
							<param name="S" type="float" />
							<param name="T" type="float" />
						</accessor>
					</technique_common>
				</source>
				<vertices id="meshId1-vertices">
					<input semantic="POSITION" source="#meshId1-positions" />
				</vertices>
				<polylist count="414" material="defaultMaterial">
					<input offset="0" semantic="VERTEX" source="#meshId1-vertices" />
					<input offset="0" semantic="NORMAL" source="#meshId1-normals" />
					<input offset="0" semantic="TANGENT" source="#meshId1-tangents" />
					<input offset="0" semantic="BINORMAL" source="#meshId1-bitangents" />
					<input offset="0" semantic="TEXCOORD" source="#meshId1-tex0" set="0" />
					<vcount>
						3 3 3 3 3 3 3 3 3 3 3 3 3 3 3 3 3 3 3 3 3 3 3 3 3 3 3 3 3 3 3 3 3 3 3 3 3 3 3 3 3 3 3 3 3 3 3 3 3 3 3 3 3 3 3 3 3 3 3 3 3 3 3 3 
						3 3 3 3 3 3 3 3 3 3 3 3 3 3 3 3 3 3 3 3 3 3 3 3 3 3 3 3 3 3 3 3 3 3 3 3 3 3 3 3 3 3 3 3 3 3 3 3 3 3 3 3 3 3 3 3 3 3 3 3 3 3 3 3 
						3 3 3 3 3 3 3 3 3 3 3 3 3 3 3 3 3 3 3 3 3 3 3 3 3 3 3 3 3 3 3 3 3 3 3 3 3 3 3 3 3 3 3 3 3 3 3 3 3 3 3 3 3 3 3 3 3 3 3 3 3 3 3 3 
						3 3 3 3 3 3 3 3 3 3 3 3 3 3 3 3 3 3 3 3 3 3 3 3 3 3 3 3 3 3 3 3 3 3 3 3 3 3 3 3 3 3 3 3 3 3 3 3 3 3 3 3 3 3 3 3 3 3 3 3 3 3 3 3 
						3 3 3 3 3 3 3 3 3 3 3 3 3 3 3 3 3 3 3 3 3 3 3 3 3 3 3 3 3 3 3 3 3 3 3 3 3 3 3 3 3 3 3 3 3 3 3 3 3 3 3 3 3 3 3 3 3 3 3 3 3 3 3 3 
						3 3 3 3 3 3 3 3 3 3 3 3 3 3 3 3 3 3 3 3 3 3 3 3 3 3 3 3 3 3 3 3 3 3 3 3 3 3 3 3 3 3 3 3 3 3 3 3 3 3 3 3 3 3 3 3 3 3 3 3 3 3 3 3 
						3 3 3 3 3 3 3 3 3 3 3 3 3 3 3 3 3 3 3 3 3 3 3 3 3 3 3 3 3 3 
					</vcount>
					<p>
						3 0 1 1 2 3 7 4 5 5 6 7 9 7 6 6 8 9 11 9 8 8 10 11 13 11 10 10 12 13 15 13 12 12 14 15 17 15 14 14 16 17 19 17 16 16 18 19 21 19 18 18 20 21 23 21 20 20 22 23 25 23 22 22 24 25 27 25 24 24 26 27 29 27 26 26 28 29 31 29 28 28 30 31 33 31 30 30 32 33 35 33 32 32 34 35 37 35 34 34 36 37 39 37 36 36 38 39 41 39 38 38 40 41 43 41 40 40 42 43 45 43 42 42 44 45 47 45 44 44 46 47 49 47 46 46 48 49 51 49 48 48 50 51 53 51 50 50 52 53 55 53 52 52 54 55 57 55 54 54 56 57 59 57 56 56 58 59 61 59 58 58 60 61 0 61 60 60 1 0 63 3 2 2 62 63 4 63 62 62 5 4 
						65 62 2 2 64 65 69 66 67 67 68 69 70 5 62 62 65 70 72 71 66 66 69 72 73 6 5 5 70 73 75 74 71 71 72 75 76 8 6 6 73 76 78 77 74 74 75 78 79 10 8 8 76 79 81 80 77 77 78 81 82 12 10 10 79 82 84 83 80 80 81 84 85 14 12 12 82 85 87 86 83 83 84 87 88 16 14 14 85 88 90 89 86 86 87 90 91 18 16 16 88 91 93 92 89 89 90 93 94 20 18 18 91 94 96 95 92 92 93 96 97 22 20 20 94 97 99 98 95 95 96 99 100 24 22 22 97 100 102 101 98 98 99 102 103 26 24 24 100 103 105 104 101 101 102 105 106 28 26 26 103 106 108 107 104 104 105 108 109 30 28 28 106 109 111 110 107 107 108 111 112 32 30 30 109 112 114 113 110 110 111 114 
						115 34 32 32 112 115 117 116 113 113 114 117 118 36 34 34 115 118 120 119 116 116 117 120 121 38 36 36 118 121 123 122 119 119 120 123 124 40 38 38 121 124 126 125 122 122 123 126 127 42 40 40 124 127 129 128 125 125 126 129 130 44 42 42 127 130 132 131 128 128 129 132 133 46 44 44 130 133 135 134 131 131 132 135 136 48 46 46 133 136 138 137 134 134 135 138 139 50 48 48 136 139 141 140 137 137 138 141 142 52 50 50 139 142 144 143 140 140 141 144 145 54 52 52 142 145 147 146 143 143 144 147 148 56 54 54 145 148 150 149 146 146 147 150 151 58 56 56 148 151 153 152 149 149 150 153 154 60 58 58 151 154 156 155 152 152 153 156 157 1 60 60 154 157 159 158 155 155 156 159 64 2 1 1 157 64 68 67 158 158 159 68 
						163 160 161 161 162 163 167 164 165 165 166 167 171 168 169 169 170 171 173 172 168 168 171 173 175 174 172 172 173 175 177 176 174 174 175 177 179 178 176 176 177 179 181 180 178 178 179 181 183 182 180 180 181 183 185 184 182 182 183 185 187 186 184 184 185 187 189 188 186 186 187 189 191 190 188 188 189 191 193 192 190 190 191 193 195 194 192 192 193 195 197 196 194 194 195 197 199 198 196 196 197 199 201 200 198 198 199 201 203 202 200 200 201 203 205 204 202 202 203 205 126 206 207 207 129 126 162 161 204 204 205 162 209 208 160 160 163 209 211 210 208 208 209 211 213 212 210 210 211 213 215 214 212 212 213 215 217 216 214 214 215 217 219 218 216 216 217 219 221 220 218 218 219 221 223 222 220 220 221 223 166 165 222 222 223 166 170 169 224 224 225 170 
						170 225 167 170 167 166 170 166 223 170 223 221 170 221 219 170 219 217 170 217 215 170 215 213 170 213 211 170 211 209 170 209 163 170 163 162 170 162 205 170 205 203 170 203 201 170 201 199 170 199 197 170 197 195 170 195 193 170 193 191 170 191 189 170 189 187 170 187 185 170 185 183 170 183 181 170 181 179 170 179 177 170 177 175 170 175 173 173 171 170 87 226 227 227 90 87 129 207 228 228 132 129 90 227 229 229 93 90 132 228 230 230 135 132 93 229 231 231 96 93 135 230 232 232 138 135 96 231 233 233 99 96 138 232 234 234 141 138 99 233 235 235 102 99 141 234 236 236 144 141 102 235 237 237 105 102 144 236 238 238 147 144 105 237 239 239 108 105 68 240 241 241 69 68 147 238 242 242 150 147 108 239 243 243 111 108 69 241 244 244 72 69 
						150 242 245 245 153 150 111 243 246 246 114 111 72 244 247 247 75 72 153 245 248 248 156 153 114 246 249 249 117 114 75 247 250 250 78 75 156 248 251 251 159 156 117 249 252 252 120 117 78 250 253 253 81 78 159 251 240 240 68 159 120 252 254 254 123 120 81 253 255 255 84 81 123 254 206 206 126 123 84 255 226 226 87 84 240 256 257 257 241 240 241 257 258 258 244 241 244 258 259 259 247 244 247 259 260 260 250 247 250 260 261 261 253 250 253 261 262 262 255 253 255 262 263 263 226 255 226 263 264 264 227 226 227 264 265 265 229 227 229 265 266 266 231 229 231 266 267 267 233 231 233 267 268 268 235 233 235 268 269 269 237 235 237 269 270 270 239 237 239 270 271 271 243 239 243 271 272 272 246 243 246 272 273 273 249 246 249 273 274 274 252 249 
						252 274 275 275 254 252 254 275 276 276 206 254 206 276 277 277 207 206 207 277 278 278 228 207 228 278 279 279 230 228 230 279 280 280 232 230 232 280 281 281 234 232 234 281 282 282 236 234 236 282 283 283 238 236 238 283 284 284 242 238 242 284 285 285 245 242 245 285 286 286 248 245 248 286 287 287 251 248 251 287 256 256 240 251 225 224 164 164 167 225 
					</p>
				</polylist>
			</mesh>
		</geometry>
		<geometry id="meshId2" name="meshId2_name" >
			<mesh>
				<source id="meshId2-positions" name="meshId2-positions">
					<float_array id="meshId2-positions-array" count="381"> 
						0.025025 -0.114293 1.052260 0.025025 -0.114293 1.280847 -0.025025 -0.114293 1.280847 -0.025025 -0.114293 1.052260 0.114293 0.025025 1.052260 0.114293 0.025025 1.280847 0.114293 -0.025025 1.280847 0.114293 -0.025025 1.052260 -0.059815 -0.114293 1.507765 -0.098436 -0.114293 1.475932 -0.114293 -0.025025 1.052260 -0.114293 -0.025025 1.280847 -0.114293 0.025025 1.280847 -0.114293 0.025025 1.052260 -0.025025 0.114293 1.052260 -0.025025 0.114293 1.280847 0.025025 0.114293 1.280847 0.025025 0.114293 1.052260 -0.088147 -0.088147 1.280847 -0.088147 -0.088147 1.052260 -0.088147 -0.088147 1.052260 -0.088147 -0.088147 1.280847 -0.088147 0.088147 1.052260 -0.088147 0.088147 1.280847 -0.088147 0.088147 1.280847 -0.088147 0.088147 1.052260 0.088147 0.088147 1.052260 0.088147 0.088147 1.280847 0.088147 0.088147 1.280847 0.088147 0.088147 1.052260 0.088147 -0.088147 1.052260 0.088147 -0.088147 1.280847 0.088147 -0.088147 1.280847 0.088147 -0.088147 1.052260 0.009070 0.025025 1.564543 -0.011106 0.088147 1.547913 -0.212884 0.088147 1.669974 -0.204841 0.025025 1.694852 0.009070 0.025025 1.564543 0.009070 -0.025025 1.564543 -0.147145 0.088147 1.435784 -0.098436 0.114293 1.475932 -0.011106 0.088147 1.547913 -0.011106 -0.088147 1.547913 -0.167321 0.025025 1.419154 -0.147145 0.088147 1.435784 -0.059815 0.114293 1.507765 -0.011106 0.088147 1.547913 -0.011106 -0.088147 1.547913 -0.167321 -0.025025 1.419154 -0.147145 -0.088147 1.435784 -0.147145 -0.088147 1.435784 -0.212884 -0.088147 1.669974 -0.204841 -0.025025 1.694852 -0.426757 -0.025025 1.719887 -0.425531 -0.088147 1.693769 -0.247698 0.114293 1.562290 -0.232302 0.114293 1.609912 -0.167321 -0.025025 1.419154 -0.147145 -0.088147 1.435784 -0.267116 -0.088147 1.502228 -0.275160 -0.025025 1.477350 -0.167321 0.025025 1.419154 -0.275160 0.025025 1.477350 
						-0.212884 0.088147 1.669974 -0.267116 0.088147 1.502228 -0.232302 -0.114293 1.609912 -0.247698 -0.114293 1.562290 -0.212884 -0.088147 1.669974 -0.147145 0.088147 1.435784 -0.267116 0.088147 1.502228 0.009070 -0.025025 1.564543 -0.267116 -0.088147 1.502228 -0.011106 -0.088147 1.547913 -0.468082 0.017399 1.681593 -0.467278 0.058806 1.664461 -0.465336 0.075957 1.623099 -0.463704 0.075957 1.588339 -0.461763 0.058806 1.546978 -0.460958 0.017399 1.529846 -0.460958 -0.017399 1.529846 -0.461763 -0.058806 1.546978 -0.463704 -0.075957 1.588340 -0.465336 -0.075957 1.623099 -0.467278 -0.058806 1.664461 -0.468082 -0.017399 1.681593 -0.425531 0.088147 1.693769 -0.426757 0.025025 1.719887 -0.420224 0.114293 1.580722 -0.422571 0.114293 1.630716 -0.417264 -0.088147 1.517669 -0.416038 -0.025025 1.491552 -0.416038 0.025025 1.491552 -0.425531 0.088147 1.693769 -0.417264 0.088147 1.517669 -0.422571 -0.114293 1.630716 -0.420224 -0.114293 1.580722 -0.425531 -0.088147 1.693769 -0.417264 0.088147 1.517669 -0.417264 -0.088147 1.517669 -0.463704 -0.075957 1.588340 -0.461763 -0.058806 1.546978 -0.417264 -0.088147 1.517669 -0.420224 -0.114293 1.580722 -0.461763 -0.058806 1.546978 -0.460958 -0.017399 1.529846 -0.416038 -0.025025 1.491552 -0.417264 -0.088147 1.517669 -0.420224 0.114293 1.580722 -0.417264 0.088147 1.517669 -0.460958 0.017399 1.529846 -0.461763 0.058806 1.546978 -0.417264 0.088147 1.517669 -0.416038 0.025025 1.491552 -0.426757 0.025025 1.719887 -0.425531 0.088147 1.693769 -0.465336 0.075957 1.623099 -0.467278 0.058806 1.664461 -0.425531 0.088147 1.693769 -0.422571 0.114293 1.630716 -0.467278 -0.058806 1.664461 -0.465336 -0.075957 1.623099 -0.422571 -0.114293 1.630716 -0.425531 -0.088147 1.693769 -0.425531 -0.088147 1.693769 -0.426757 -0.025025 1.719887 -0.422571 0.114293 1.630716 
					</float_array>
					<technique_common>
						<accessor count="127" offset="0" source="#meshId2-positions-array" stride="3">
							<param name="X" type="float" />
							<param name="Y" type="float" />
							<param name="Z" type="float" />
						</accessor>
					</technique_common>
				</source>
				<source id="meshId2-normals" name="meshId2-normals">
					<float_array id="meshId2-normals-array" count="381"> 
						0.195090 -0.980785 0.000000 0.215293 -0.975574 0.043652 -0.172762 -0.984549 -0.028574 -0.195090 -0.980785 0.000000 0.980785 0.195090 -0.000000 0.967122 0.188904 0.170264 0.967122 -0.188904 0.170264 0.980785 -0.195090 0.000000 0.179765 -0.972339 0.149134 -0.116306 -0.988331 -0.098361 -0.980785 -0.195090 0.000000 -0.963336 -0.196919 -0.182225 -0.963336 0.196919 -0.182225 -0.980785 0.195090 -0.000000 -0.195090 0.980785 0.000000 -0.172762 0.984549 -0.028574 0.215293 0.975574 0.043652 0.195090 0.980785 0.000000 -0.675908 -0.726154 -0.125894 -0.707107 -0.707107 0.000000 -0.707107 -0.707107 0.000000 -0.675908 -0.726154 -0.125894 -0.707107 0.707107 -0.000000 -0.675908 0.726154 -0.125894 -0.675908 0.726154 -0.125894 -0.707107 0.707107 -0.000000 0.707107 0.707107 -0.000000 0.718866 0.682804 0.130424 0.718866 0.682804 0.130424 0.707107 0.707107 -0.000000 0.707107 -0.707107 0.000000 0.718866 -0.682804 0.130424 0.718866 -0.682804 0.130424 0.707107 -0.707107 0.000000 0.757625 0.188654 0.624831 0.572150 0.670420 0.472421 0.236592 0.680300 0.693698 0.317284 0.189217 0.929262 0.757625 0.188654 0.624831 0.757625 -0.188654 0.624831 -0.496730 0.754110 -0.429625 -0.116306 0.988331 -0.098360 0.572150 0.670420 0.472421 0.572150 -0.670420 0.472421 -0.735491 0.205860 -0.645503 -0.496730 0.754110 -0.429625 0.179765 0.972339 0.149134 0.572150 0.670420 0.472421 0.572150 -0.670420 0.472421 -0.735491 -0.205860 -0.645503 -0.496730 -0.754110 -0.429626 -0.496730 -0.754110 -0.429626 0.236592 -0.680300 0.693698 0.317284 -0.189217 0.929262 -0.305176 -0.186221 0.933911 -0.316920 -0.667695 0.673606 -0.052650 0.985223 -0.162985 0.071447 0.975160 0.209661 -0.735491 -0.205860 -0.645503 -0.496730 -0.754110 -0.429626 -0.205409 -0.729924 -0.651935 -0.288928 -0.197917 -0.936669 -0.735491 0.205860 -0.645503 -0.288928 0.197917 -0.936669 
						0.236592 0.680300 0.693698 -0.205408 0.729924 -0.651934 0.071446 -0.975160 0.209660 -0.052650 -0.985223 -0.162985 0.236592 -0.680300 0.693698 -0.496730 0.754110 -0.429625 -0.205408 0.729924 -0.651934 0.757625 -0.188654 0.624831 -0.205409 -0.729924 -0.651935 0.572150 -0.670420 0.472421 -0.909089 0.088892 0.407008 -0.894247 0.334120 0.297802 -0.897242 0.438976 0.047509 -0.891491 0.435073 -0.126312 -0.872389 0.327005 -0.363324 -0.880178 0.084991 -0.466973 -0.880177 -0.084992 -0.466974 -0.872389 -0.327006 -0.363325 -0.891491 -0.435073 -0.126311 -0.897242 -0.438976 0.047509 -0.894247 -0.334120 0.297801 -0.909089 -0.088893 0.407008 -0.316920 0.667695 0.673606 -0.305176 0.186220 0.933911 -0.352301 0.916340 -0.190277 -0.336635 0.924651 0.178041 -0.370025 -0.656822 -0.657014 -0.381596 -0.177852 -0.907057 -0.381597 0.177852 -0.907057 -0.316920 0.667695 0.673606 -0.370025 0.656822 -0.657013 -0.336635 -0.924650 0.178041 -0.352301 -0.916340 -0.190277 -0.316920 -0.667695 0.673606 -0.370025 0.656822 -0.657013 -0.370025 -0.656822 -0.657014 -0.891491 -0.435073 -0.126311 -0.872389 -0.327006 -0.363325 -0.370025 -0.656822 -0.657014 -0.352301 -0.916340 -0.190277 -0.872389 -0.327006 -0.363325 -0.880177 -0.084992 -0.466974 -0.381596 -0.177852 -0.907057 -0.370025 -0.656822 -0.657014 -0.352301 0.916340 -0.190277 -0.370025 0.656822 -0.657013 -0.880178 0.084991 -0.466973 -0.872389 0.327005 -0.363324 -0.370025 0.656822 -0.657013 -0.381597 0.177852 -0.907057 -0.305176 0.186220 0.933911 -0.316920 0.667695 0.673606 -0.897242 0.438976 0.047509 -0.894247 0.334120 0.297802 -0.316920 0.667695 0.673606 -0.336635 0.924651 0.178041 -0.894247 -0.334120 0.297801 -0.897242 -0.438976 0.047509 -0.336635 -0.924650 0.178041 -0.316920 -0.667695 0.673606 -0.316920 -0.667695 0.673606 -0.305176 -0.186221 0.933911 -0.336635 0.924651 0.178041 
					</float_array>
					<technique_common>
						<accessor count="127" offset="0" source="#meshId2-normals-array" stride="3">
							<param name="X" type="float" />
							<param name="Y" type="float" />
							<param name="Z" type="float" />
						</accessor>
					</technique_common>
				</source>
				<source id="meshId2-tangents" name="meshId2-tangents">
					<float_array id="meshId2-tangents-array" count="381"> 
						-0.802757 -0.159678 -0.574530 -0.796075 -0.201219 -0.570768 -0.806216 0.158015 -0.570129 -0.806007 0.160325 -0.569780 0.194994 -0.980299 0.031497 0.186527 -0.981992 0.029996 -0.185262 -0.981986 -0.037177 -0.194943 -0.980044 -0.038870 -0.789908 -0.233036 -0.567221 -0.806841 0.151770 -0.570941 0.194991 -0.980284 0.031958 0.194373 -0.980408 0.031909 -0.194375 -0.980408 -0.031901 -0.194991 -0.980284 -0.031958 -0.803041 -0.159735 -0.574117 -0.803293 -0.157625 -0.574348 -0.800066 0.201839 -0.564939 -0.806005 0.160324 -0.569782 -0.576964 0.627653 -0.522650 -0.578531 0.578531 -0.574982 0.705480 -0.705480 0.067801 0.715484 -0.687505 0.124175 -0.573999 -0.573998 -0.583996 -0.571063 -0.624019 -0.533373 -0.715483 -0.687505 -0.124185 -0.705480 -0.705480 -0.067802 0.705327 -0.705328 0.070895 0.672540 -0.730596 0.117985 -0.532581 0.661550 -0.527929 -0.578423 0.578423 -0.575199 -0.573681 -0.573681 -0.584621 -0.526733 -0.657466 -0.538787 -0.671229 -0.730597 -0.125220 -0.704932 -0.704932 -0.078367 -0.084583 0.977623 -0.192613 -0.370251 0.725120 -0.580616 -0.219865 0.732934 -0.643791 -0.061202 0.981935 -0.179046 0.202947 -0.977953 0.049192 -0.198669 -0.978547 -0.054559 -0.624541 -0.654313 -0.426408 -0.803987 -0.151831 -0.574936 0.633572 -0.727074 0.264480 -0.557842 -0.740366 -0.375061 -0.222576 -0.973260 -0.056781 -0.701869 -0.640216 -0.312256 -0.794628 0.232900 -0.560646 -0.566386 0.739590 -0.363612 -0.629625 -0.728170 -0.270817 0.222284 -0.973307 0.057129 0.702091 -0.640152 0.311887 -0.632351 0.653520 -0.415986 0.219862 0.732934 0.643792 0.061201 0.981935 0.179046 0.052426 0.975921 0.211729 -0.005483 0.711494 0.702671 -0.805637 -0.138345 -0.576029 -0.803125 0.180895 -0.567686 0.087613 -0.973622 0.210675 0.408764 -0.639949 0.650674 0.217922 -0.683528 0.696635 0.059273 -0.980218 0.188835 -0.084948 -0.973224 -0.213584 -0.057441 -0.980218 -0.189400 
						-0.740012 0.588825 -0.325065 -0.743378 -0.549636 -0.381168 -0.799196 -0.181736 -0.572938 -0.808320 0.137883 -0.572370 -0.732940 -0.593659 -0.332218 -0.408724 -0.639941 -0.650707 -0.216038 -0.683524 -0.697224 0.084349 0.977589 0.192886 -0.749208 0.545871 -0.375115 0.370964 0.725273 0.579970 0.408618 -0.000099 0.912706 0.316363 0.001201 0.948637 0.033573 -0.039460 0.998657 -0.143396 -0.006510 0.989644 -0.366268 0.054919 0.928887 -0.465284 0.039925 0.884261 -0.465285 -0.039926 0.884260 -0.346261 -0.111226 0.931522 -0.122543 -0.036838 0.991779 0.033574 0.039459 0.998657 0.316363 -0.001201 0.948637 0.408618 0.000097 0.912706 0.005138 0.711414 -0.702754 -0.052297 0.975937 -0.211689 -0.738112 -0.397046 -0.545477 -0.738550 -0.141976 -0.659081 0.246737 -0.751292 0.612113 0.051591 -0.983883 0.171211 -0.049801 -0.983845 -0.171957 -0.771424 0.231722 -0.592630 -0.689721 -0.668010 -0.279370 -0.734930 0.139792 -0.663579 -0.740277 0.397239 -0.542394 -0.766693 -0.237743 -0.596373 -0.245248 -0.751183 -0.612843 -0.695707 0.664596 -0.272586 -0.446075 0.891676 0.077018 -0.412702 0.891048 0.188974 -0.817471 0.566199 -0.105642 -0.929156 0.366802 -0.046101 -0.398752 0.046172 0.915896 -0.463542 -0.057640 0.884198 -0.901287 -0.146153 0.407826 -0.771050 -0.177374 0.611571 -0.283132 0.089431 0.954902 -0.656286 0.315746 0.685269 -0.474231 -0.116391 0.872673 -0.445276 -0.224994 0.866664 -0.844361 0.057191 0.532713 -0.923145 -0.023674 0.383723 0.941451 -0.088585 0.325303 0.812183 -0.175731 0.556306 0.441524 0.891087 0.104977 0.405047 0.887216 0.220873 0.852026 0.512432 -0.107073 0.940348 0.339996 0.012224 -0.377916 0.920154 -0.102448 -0.438970 0.898433 0.011128 -0.928231 0.357647 0.102354 -0.803940 0.565940 0.182734 0.812183 0.175730 0.556307 0.941451 0.088585 0.325303 0.018643 -0.182494 0.983030 
					</float_array>
					<technique_common>
						<accessor count="127" offset="0" source="#meshId2-tangents-array" stride="3">
							<param name="X" type="float" />
							<param name="Y" type="float" />
							<param name="Z" type="float" />
						</accessor>
					</technique_common>
				</source>
				<source id="meshId2-bitangents" name="meshId2-bitangents">
					<float_array id="meshId2-bitangents-array" count="381"> 
						0.563490 0.112085 -0.818484 0.565610 0.088132 -0.819950 0.565835 -0.075460 -0.821058 0.558832 -0.111159 -0.821797 0.006145 -0.030891 -0.999504 0.172864 0.002749 -0.984942 0.174220 0.004411 -0.984697 0.007583 0.038123 -0.999244 0.586285 -0.015836 -0.809950 0.579207 0.012957 -0.815077 -0.006235 0.031344 0.999489 -0.184938 -0.004680 0.982739 -0.184936 0.004689 0.982739 -0.006235 -0.031344 0.999489 -0.563086 -0.112005 0.818773 -0.569977 -0.076272 0.818113 -0.559950 0.086703 0.823977 -0.558834 0.111159 0.821796 0.458542 -0.280627 -0.843201 0.406574 -0.406574 -0.818166 -0.047943 0.047943 0.997699 -0.176723 -0.006144 0.984242 -0.412948 -0.412948 0.811756 -0.465871 -0.288618 0.836459 -0.176730 0.006137 0.984240 -0.047943 -0.047943 0.997699 0.050131 -0.050131 -0.997484 0.175848 0.002900 -0.984413 -0.446755 0.310049 0.839214 -0.406727 0.406727 0.818014 0.413389 0.413389 -0.811307 0.453635 0.318617 -0.832285 0.180788 0.002472 -0.983519 0.055413 0.055413 -0.996925 -0.647186 0.093078 0.756629 -0.731818 0.157286 0.663101 -0.946406 -0.000204 0.322981 -0.946354 -0.000064 0.323133 0.620336 0.089539 -0.779209 0.621719 -0.082799 -0.778852 -0.602668 0.056509 0.795989 -0.583162 0.012212 0.812264 0.520797 0.147990 -0.840755 0.601212 -0.048945 -0.797589 -0.639932 0.101911 0.761644 -0.510528 0.146434 0.847301 -0.579871 -0.017722 0.814515 -0.593170 -0.059532 0.802873 0.525563 -0.142500 -0.838735 -0.640034 -0.101467 0.761618 -0.510223 -0.146713 0.847436 0.594468 0.065042 -0.801485 -0.946406 0.000202 0.322978 -0.946354 0.000063 0.323133 -0.950852 0.113576 -0.288065 -0.948436 0.218997 -0.229148 -0.590065 0.100979 0.801016 -0.591512 -0.127824 0.796100 -0.671846 0.098395 0.734126 -0.765618 0.147594 0.626135 -0.954105 0.001024 0.299469 -0.955514 -0.000960 0.294944 -0.672188 -0.102255 0.733285 -0.955626 -0.000919 0.294581 
						-0.629608 -0.436437 0.642741 -0.636550 0.406339 0.655510 0.596810 -0.126625 -0.792328 0.586385 0.101609 -0.803635 0.637827 -0.429838 -0.639074 -0.765640 -0.147628 0.626100 -0.954534 -0.002373 0.298093 -0.647216 -0.093432 0.756559 0.629678 0.411383 -0.658992 -0.731457 -0.156579 0.663666 0.081173 0.996041 -0.036233 0.316601 0.942530 -0.106777 0.440261 0.897632 0.020668 0.429745 0.900371 0.068192 0.323704 0.943425 0.071861 0.093798 0.995582 0.004404 -0.093799 0.995581 -0.004403 -0.345024 0.938454 -0.016197 -0.436149 0.899641 -0.020475 -0.440261 0.897632 -0.020666 -0.316601 0.942530 0.106777 -0.081173 0.996041 0.036235 -0.948439 -0.219255 -0.228892 -0.950859 -0.113444 -0.288093 -0.575391 -0.051726 0.816241 -0.584142 -0.353361 0.730694 -0.895658 0.064387 0.440058 -0.922888 0.018538 0.384622 -0.922986 -0.020446 0.384289 -0.551785 -0.707452 0.441639 -0.622387 0.349782 0.700205 0.588690 -0.354231 -0.726612 0.572602 -0.050228 -0.818293 0.558341 -0.705451 -0.436571 -0.896066 -0.065637 0.439041 0.615689 0.356225 -0.702873 0.079120 0.125005 -0.988996 0.261945 0.314804 -0.912296 0.441389 0.497999 -0.746440 0.112038 0.160556 -0.980647 -0.282728 0.943894 -0.170674 -0.102066 0.994713 0.011336 -0.205101 0.973144 -0.104524 -0.518231 0.732887 -0.440810 0.892032 0.390286 0.227938 0.657549 0.684755 0.314229 0.019818 0.989560 0.142750 0.201658 0.917848 0.341890 0.387473 0.751874 0.533433 0.046772 0.983773 0.173217 0.143308 0.978506 -0.148283 0.489816 0.723396 -0.486599 0.003748 0.115166 -0.993339 -0.190416 0.318139 -0.928725 -0.416669 0.539997 -0.731294 -0.049230 0.171535 -0.983947 -0.239793 -0.204158 -0.949115 -0.047569 -0.010871 -0.998809 -0.158318 -0.130807 -0.978685 -0.503231 -0.483627 -0.716145 -0.489816 0.723396 0.486598 -0.143308 0.978506 0.148284 0.941451 0.334241 0.044195 
					</float_array>
					<technique_common>
						<accessor count="127" offset="0" source="#meshId2-bitangents-array" stride="3">
							<param name="X" type="float" />
							<param name="Y" type="float" />
							<param name="Z" type="float" />
						</accessor>
					</technique_common>
				</source>
				<source id="meshId2-tex0" name="meshId2-tex0">
					<float_array id="meshId2-tex0-array" count="254"> 
						0.130673 0.789294 0.078303 0.714324 0.094518 0.702642 0.146888 0.777612 0.334055 0.684488 0.330570 0.593924 0.350341 0.593849 0.353827 0.684413 0.053801 0.620100 0.073606 0.621525 0.424166 0.686192 0.424166 0.777009 0.404016 0.777009 0.404016 0.686192 0.286345 0.500157 0.233979 0.575142 0.217766 0.563464 0.270132 0.488479 0.116749 0.688093 0.169120 0.763063 0.449580 0.684488 0.449579 0.775305 0.305007 0.515054 0.252641 0.590039 0.378602 0.775305 0.378602 0.684488 0.311110 0.682710 0.307624 0.592146 0.195531 0.548904 0.247896 0.473919 0.112003 0.804212 0.059633 0.729242 0.377269 0.591883 0.380754 0.682447 0.353188 0.684488 0.378602 0.690009 0.378602 0.782775 0.353188 0.782950 0.334256 0.473993 0.354028 0.473919 0.236260 0.654630 0.213070 0.656266 0.311110 0.479232 0.030602 0.618486 0.404016 0.835414 0.378602 0.840706 0.193266 0.657697 0.166503 0.659670 0.380754 0.478969 0.424166 0.835414 0.449579 0.840706 0.100366 0.623508 0.307624 0.782775 0.333038 0.782950 0.333038 0.870753 0.307624 0.866885 0.241641 0.719423 0.225744 0.731452 0.429394 0.479751 0.452633 0.473988 0.450392 0.528030 0.427494 0.528146 0.409625 0.479731 0.407724 0.528126 
						0.203907 0.746792 0.259904 0.704419 0.086281 0.546338 0.102180 0.558363 0.068010 0.531357 0.382996 0.473919 0.380754 0.527960 0.333038 0.684488 0.124012 0.573714 0.307624 0.690009 0.099041 0.846706 0.092182 0.863376 0.075623 0.870282 0.061707 0.870282 0.045147 0.863376 0.038288 0.846706 0.038288 0.832696 0.045147 0.816025 0.061707 0.809120 0.075623 0.809120 0.092182 0.816025 0.099041 0.832696 0.378602 0.866885 0.353188 0.870753 0.293308 0.765725 0.282616 0.782673 0.452633 0.587626 0.429618 0.584029 0.409848 0.584009 0.267343 0.804216 0.305007 0.744519 0.143158 0.495104 0.153852 0.512049 0.131452 0.473919 0.382996 0.587557 0.169120 0.533604 0.424179 0.629341 0.425102 0.646643 0.406336 0.658203 0.404928 0.631827 0.404928 0.600375 0.402584 0.615474 0.380754 0.610645 0.384328 0.587626 0.055846 0.885716 0.030602 0.875189 0.402584 0.629220 0.404928 0.646832 0.384328 0.657264 0.380754 0.630415 0.111562 0.849776 0.101106 0.875189 0.111562 0.831822 0.111562 0.814500 0.126619 0.804212 0.126619 0.830619 0.425102 0.599559 0.424179 0.615410 0.404928 0.611790 0.406336 0.587626 0.101106 0.804212 0.111562 0.829626 0.075862 0.885716 
					</float_array>
					<technique_common>
						<accessor count="127" offset="0" source="#meshId2-tex0-array" stride="2">
							<param name="S" type="float" />
							<param name="T" type="float" />
						</accessor>
					</technique_common>
				</source>
				<vertices id="meshId2-vertices">
					<input semantic="POSITION" source="#meshId2-positions" />
				</vertices>
				<polylist count="130" material="defaultMaterial">
					<input offset="0" semantic="VERTEX" source="#meshId2-vertices" />
					<input offset="0" semantic="NORMAL" source="#meshId2-normals" />
					<input offset="0" semantic="TANGENT" source="#meshId2-tangents" />
					<input offset="0" semantic="BINORMAL" source="#meshId2-bitangents" />
					<input offset="0" semantic="TEXCOORD" source="#meshId2-tex0" set="0" />
					<vcount>
						3 3 3 3 3 3 3 3 3 3 3 3 3 3 3 3 3 3 3 3 3 3 3 3 3 3 3 3 3 3 3 3 3 3 3 3 3 3 3 3 3 3 3 3 3 3 3 3 3 3 3 3 3 3 3 3 3 3 3 3 3 3 3 3 
						3 3 3 3 3 3 3 3 3 3 3 3 3 3 3 3 3 3 3 3 3 3 3 3 3 3 3 3 3 3 3 3 3 3 3 3 3 3 3 3 3 3 3 3 3 3 3 3 3 3 3 3 3 3 3 3 3 3 3 3 3 3 3 3 
						3 3 
					</vcount>
					<p>
						3 0 1 1 2 3 7 4 5 5 6 7 9 2 1 1 8 9 13 10 11 11 12 13 17 14 15 15 16 17 19 3 2 2 18 19 10 20 21 21 11 10 23 15 14 14 22 23 12 24 25 25 13 12 27 5 4 4 26 27 16 28 29 29 17 16 31 1 0 0 30 31 6 32 33 33 7 6 37 34 35 35 36 37 39 6 5 5 38 39 41 15 23 23 40 41 38 5 27 27 42 38 8 1 31 31 43 8 45 24 12 12 44 45 46 16 15 15 41 46 47 28 16 16 46 47 48 32 6 6 39 48 44 12 11 11 49 44 49 11 21 21 50 49 51 18 2 2 9 51 55 52 53 53 54 55 57 46 41 41 56 57 61 58 59 59 60 61 63 62 58 58 61 63 64 47 46 46 57 64 56 41 40 40 65 56 67 9 8 8 66 67 
						66 8 43 43 68 66 70 69 62 62 63 70 53 71 34 34 37 53 72 51 9 9 67 72 52 73 71 71 53 52 85 74 75 85 75 76 85 76 77 85 77 78 85 78 79 85 79 80 85 80 81 85 81 82 85 82 83 83 84 85 87 37 36 36 86 87 89 57 56 56 88 89 91 61 60 60 90 91 92 63 61 61 91 92 93 64 57 57 89 93 88 56 65 65 94 88 96 67 66 66 95 96 95 66 68 68 97 95 98 70 63 63 92 98 54 53 37 37 87 54 99 72 67 67 96 99 103 100 101 101 102 103 107 104 105 105 106 107 109 78 77 77 108 109 113 110 111 111 112 113 115 75 74 74 114 115 119 116 117 117 118 119 123 120 121 121 122 123 125 85 84 84 124 125 106 105 110 110 113 106 122 121 100 100 103 122 114 74 85 85 125 114 
						108 77 76 76 126 108 
					</p>
				</polylist>
			</mesh>
		</geometry>
	</library_geometries>
	<library_visual_scenes>
		<visual_scene id="RootNode" name="RootNode">
			<node id="Light" name="Light">
				<matrix>-29.086477 56.639309 77.110085 407.624542 -5.518907 79.467232 -60.452465 590.386230 -95.517120 -21.839125 -19.988346 -100.545395 0.000000 0.000000 0.000000 1.000000</matrix>
			</node>
			<node id="Camera" name="Camera">
				<matrix>-65.155807 -32.401356 68.592072 735.889160 -44.527142 89.539574 0.000013 495.830933 -61.417049 -30.542086 -72.767616 692.579102 0.000000 0.000000 0.000000 1.000000</matrix>
			</node>
			<node id="Sphere" name="Sphere">
				<matrix>100.000000 0.000000 0.000000 0.000000 0.000000 -0.000016 100.000000 0.000000 0.000000 -100.000000 -0.000016 0.000000 0.000000 0.000000 0.000000 1.000000</matrix>
				<instance_geometry url="#meshId0">
					<bind_material>
						<technique_common>
							<instance_material symbol="defaultMaterial" target="#Bomb" />
						</technique_common>
					</bind_material>
				</instance_geometry>
				<instance_geometry url="#meshId1">
					<bind_material>
						<technique_common>
							<instance_material symbol="defaultMaterial" target="#Top" />
						</technique_common>
					</bind_material>
				</instance_geometry>
				<instance_geometry url="#meshId2">
					<bind_material>
						<technique_common>
							<instance_material symbol="defaultMaterial" target="#Fuse" />
						</technique_common>
					</bind_material>
				</instance_geometry>
			</node>
		</visual_scene>
	</library_visual_scenes>
	<scene>
		<instance_visual_scene url="#RootNode" />
	</scene>
</COLLADA>
